titles,prices,screen_sizes,processor
"HP - ENVY 17.3"" Touch-Screen Laptop - Intel Core i7 - 12GB Memory - 512GB SSD + 32GB Intel Optane - Natural Silver",929.99,17.3,i7
"Lenovo - Yoga 7i 2-in-1 15.6"" Touch Screen Laptop - Intel Core i5 - 8GB Memory - 256GB Solid State Drive - Slate Grey",599.99,15.6,i5
"MacBook Air 13.3"" Laptop - Apple M1 chip - 8GB Memory - 256GB SSD (Latest Model) - Gold",849.99,13.3,Apple M1
"HP - 14"" Chromebook - Intel Celeron - 4GB Memory - 32GB eMMC - Ceramic white",149.0,14.0,Intel Celeron
"MacBook Air 13.3"" Laptop - Apple M1 chip - 8GB Memory - 256GB SSD (Latest Model) - Space Gray",849.99,13.3,Apple M1
"MacBook Pro 13.3"" Laptop - Apple M1 chip - 8GB Memory - 256GB SSD (Latest Model) - Space Gray",1099.99,13.3,Apple M1
"Dell - Inspiron 15.6"" FHD  Touch Laptop -AMD Ryzen 5 - 8GB RAM - 256 GB SSD - Black",449.99,15.6,AMD Ryzen 5
"HP - 14"" Laptop - Intel Celeron - 4GB Memory - 64GB eMMC - Indigo Blue",199.99,14.0,Intel Celeron
"MacBook Air 13.3"" Laptop - Apple M1 chip - 8GB Memory - 256GB SSD (Latest Model) - Silver",849.99,13.3,Apple M1
"ASUS - ROG Zephyrus 14"" Gaming Laptop - AMD Ryzen 9 - 16GB Memory - NVIDIA GeForce RTX 3060 - 1TB SSD - Moonlight White - Moonlight White",1449.99,14.0,AMD Ryzen 9
"MacBook Pro 13.3"" Laptop - Apple M1 chip - 8GB Memory - 512GB SSD (Latest Model) - Space Gray",1299.99,13.3,Apple M1
"Dell - Inspiron 15.6"" FHD  Touch Laptop -Intel Core i5-1035G1 - 12GB RAM - 256 GB SSD - Black",519.99,15.6,i5
"Lenovo - Yoga 7i 2-in-1 14"" Touch Screen Laptop - Intel Evo Platform Core i5 - 12GB Memory - 512GB Solid State Drive - Dark Moss",749.99,14.0,i5
"HP - 15.6"" Laptop Intel Core i3 - 8GB Memory - 256GB SSD - Natural Silver",429.99,15.6,i3
"HP - 14"" Touch-Screen Chromebook - Intel Celeron - 4GB Memory - 32GB eMMC Flash Memory - Grey",199.0,14.0,Intel Celeron
"Apple - MacBook Pro - 16"" Display with Touch Bar - Intel Core i9 - 16GB Memory - AMD Radeon Pro 5500M - 1TB SSD (Latest Model) - Space Gray",2299.99,16.0,i9
"Lenovo - C340-15 2-in-1 15.6"" Touch-Screen Chromebook - Intel Core i3 - 4GB Memory - 64GB eMMC Flash Memory - Mineral Gray",299.0,15.6,i3
"MacBook Air 13.3"" Laptop - Apple M1 chip - 8GB Memory - 512GB SSD (Latest Model) - Space Gray",1099.99,13.3,Apple M1
"HP - 14"" Laptop - Intel Celeron - 4GB Memory - 64GB eMMC - Snowflake white",219.99,14.0,Intel Celeron
"Dell - Inspiron 7000 2-in-1 - 13.3"" UHD Touch Laptop - Intel Evo Platform - Core i7 - 16GB RAM - 512GB SSD+32GB Optane - Pen - Black",1099.99,13.3,i7
"Lenovo - Yoga 9i 14 2-in-1 14"" Touch-Screen Laptop - Intel Evo Platform Core i7 - 16GB Memory - 512GB SSD - Mica",1249.99,14.0,i7
"ASUS - 11.6"" Chromebook - Intel Celeron - 4GB Memory - 32GB eMMC Flash Memory - Gray - Grey",129.0,11.6,Intel Celeron
"HP - ENVY x360 2-in-1 15.6"" Touch-Screen Laptop - Intel Core i7 - 16GB Memory - 512GB SSD + 32GB Intel Optane - Natural Silver",1079.99,15.6,i7
"HP - 15.6"" Touch-Screen Laptop - AMD Ryzen 7 - 8GB Memory - 512GB SSD - Natural Silver",599.99,15.6,AMD Ryzen 7
"HP - 14"" Laptop - Intel Celeron - 4GB Memory - 64GB eMMC - Rose Gold",219.99,14.0,Intel Celeron
"ASUS - 2-in-1 15.6"" Touch-Screen Chromebook - Intel Core 11th Gen i3 - 8GB Memory - 128GB SSD - Matte White - Matte White",469.0,15.6,i3
"HP - 15.6"" Laptop Intel Core i5 - 8GB Memory - 256GB SSD - Natural Silver",529.99,15.6,i5
"Dell - Inspiron 7000 2-in-1 - 13.3"" FHD Touchscreen Laptop - Intel Evo Platform - Core i5 - 8GB RAM - 512GB SSD+32GB Optane - Silver",749.99,13.3,i5
"Lenovo - Yoga 9i 15"" 2-in-1 Touch-Screen Laptop - Intel Core i7 - 16GB Memory - NVIDIA GeForce GTX 1650Ti - 1TB SSD - Slate Gray",1679.99,15.0,i7
"HP - 14"" Laptop - Intel Celeron - 4GB Memory - 64GB eMMC - Pale Gold",199.99,14.0,Intel Celeron
"Microsoft - Surface Laptop Go - 12.4"" Touch-Screen - Intel 10th Generation Core i5 - 8GB Memory - 128GB Solid State Drive - Sandstone",599.99,12.4,i5
"HP - Victus 16.1"" Laptop - Intel Core i5 - 8GB Memory - NVIDIA GeForce RTX 3050 - 256GB SSD",799.99,16.1,i5
"Samsung - 15.6"" Chromebook - Intel Celeron - 4GB Memory - 32GB eMMC Flash Memory - Platinum Titan",229.0,15.6,Intel Celeron
"Lenovo Yoga 6 13 2-in-1 13.3"" Touch Screen Laptop - AMD Ryzen 5 - 8GB Memory - 256GB SSD - Abyss Blue with Fabric Cover",549.99,13.3,AMD Ryzen 5
"HP - 17.3"" Laptop - Intel Core i5 - 12GB Memory - 512GB SSD - Natural Silver",729.99,17.3,i5
"Microsoft - Surface Pro 7 - 12.3"" Touch Screen - Intel Core i5 - 8GB Memory - 128GB SSD - Device Only (Latest Model) - Platinum",799.99,12.3,i5
"Apple - MacBook Pro - 16"" Display with Touch Bar - Intel Core i7 - 16GB Memory - AMD Radeon Pro 5300M - 512GB SSD (Latest Model) - Space Gray",1999.99,16.0,i7
"HP - Spectre x360 2-in-1 15.6"" 4K UHD Touch-Screen Laptop - Intel Core i7 - 16GB Memory - 512GB SSD + 32GB Optane - Nightfall Black",1629.99,15.6,i7
"Samsung - Galaxy Book Pro 360 15.6"" AMOLED Touch-Screen Laptop - Intel Evo Platform Core i7 - 16GB Memory - 1TB SSD - Mystic Navy",1499.99,15.6,i7
"HP - 17.3"" Laptop - AMD Ryzen 5 - 8GB Memory - 256GB SSD - Natural Silver",549.99,17.3,AMD Ryzen 5
"Lenovo - Ideapad 3 15 15.6"" Laptop - AMD Ryzen 3 - 8GB Memory - 128GB SSD - Platinum Grey",399.99,15.6,AMD Ryzen 3
"Lenovo - Ideapad 3 15 15.6"" Touch-Screen Laptop - Intel Core i3 - 8GB Memory - 256GB SSD - Abyss Blue",449.99,15.6,i3
"Lenovo - IdeaPad 3 14"" Laptop - AMD Ryzen 5 3500U - 8GB Memory - 1TB HDD + 128GB Solid State Drive",519.99,14.0,AMD Ryzen 5
"Dell - Inspiron 15.6"" FHD  Touch Laptop -Intel Core i5-1035G1 - 8GB RAM - 256 GB SSD - Black",569.99,15.6,i5
"ASUS - VivoBook S15 15.6"" Laptop - Intel Core i5 - 8GB Memory - 512GB SSD - Resolute Red/Transparent Silver",699.99,15.6,i5
"ASUS - ROG Strix G15 Advantage Edition 15.6"" FHD Gaming Laptop - AMD Ryzen 9-5900HX - 16GB Memory - Radeon RX 6800M - 512GB SSD",1499.99,15.6,AMD Ryzen 9
"HP - 17.3"" Laptop - Intel Core i3 - 8GB Memory - 1TB HDD - Natural Silver",569.99,17.3,i3
"Microsoft - Surface Pro 7 - 12.3"" Touch Screen - Intel Core i5 - 8GB Memory - 128GB SSD with Black Type Cover (Latest Model) - Platinum",799.0,12.3,i5
"ASUS - Zenbook 14"" Laptop - AMD Ryzen 5 - 8GB Memory - NVIDIA GeForce MX450 - 256GB SSD - Light Grey",669.99,14.0,AMD Ryzen 5
"Lenovo - Yoga 9i 14 2-in-1 14"" 4K HDR Touch-Screen Laptop - Intel Evo Platform Core i7 - 16GB Memory - 512GB SSD - Shadow Black",1449.99,14.0,i7
"HP - ENVY x360 2-in-1 15.6"" Touch-Screen Laptop - AMD Ryzen 5 - 8GB Memory - 256GB SSD - Nightfall Black",819.99,15.6,AMD Ryzen 5
"Apple - MacBook Pro - 13"" Display with Touch Bar - Intel Core i5 - 16GB Memory - 1TB SSD (Latest Model) - Space Gray",1999.99,13.0,i5
"Lenovo - Yoga 7i 14 2-in-1 14"" Touch-Screen Laptop - Intel Evo Platform Core i7 - 12GB Memory - 512GB SSD - Dark Moss",885.99,14.0,i7
"Acer - 15.6"" Refurbished Chromebook - Intel Celeron N4000 - 4GB Memory - 32GB Flash Drive - Silver",173.99,15.6,Intel Celeron
"Dell - Refurbished Latitude 5590 15.6"" Laptop - Intel Core i5 - 16GB Memory - 512GB Solid State Drive",820.99,15.6,i5
"Dell - Latitude 12.5"" Refurbished Touch-Screen Laptop - Intel Core i7 - 16GB Memory - 512GB SSD - Black",720.99,12.5,i7
"Dell - Inspiron 7000 2-in-1 - 17"" QHD+ Touchscreen Laptop - 11th Gen Intel Core i7 -8GB RAM - 256GB SSD - Silver",899.99,17.0,i7
"Lenovo - Legion Slim 7 15"" Gaming Laptop - AMD Ryzen 7 5800H - NVIDIA GeForce RTX 3060 Max-Q - 16GB Memory - 512GB SSD - Shadow Black",1399.99,15.0,AMD Ryzen 7
"HP - 14"" Laptop - Intel Celeron - 4GB Memory - 64GB eMMC - Jet Black",219.99,14.0,Intel Celeron
"Lenovo Yoga 6 13 2-in-1 13.3"" Touch Screen Laptop - AMD Ryzen 7 - 16GB Memory - 512GB SSD - Abyss Blue with Fabric Cover",749.99,13.3,AMD Ryzen 7
"Apple - MacBook Pro - 13"" Display with Touch Bar - Intel Core i5 - 16GB Memory - 512GB SSD (Latest Model) - Silver",1799.99,13.0,i5
"Dell - Latitude 14"" Refurbished Touch-Screen Laptop - Intel Core i7 - 16GB Memory - 512GB SSD - Black",749.99,14.0,i7
"ASUS - 14.0"" Laptop - Intel Celeron N4020 - 4GB Memory - 64GB eMMC - Star Black - Star Black",219.99,14.0,Intel Celeron
"Dell - Latitude 14"" Refurbished Laptop - Intel Core i5 - 8GB Memory - 128GB Solid State Drive - Gray",258.99,14.0,i5
"MSI - GF63 15.6"" Gaming Laptop - Intel Core i5 - NVIDIA GeForce GTX1650 - 256GB SSD - 8GB Memory - Black",729.99,15.6,i5
"Lenovo - ThinkPad L13 Yoga 2-in-1 13.3"" Touch Screen Laptop - Intel Core i5 - 8GB Memory - 256GB SSD - Black",799.99,13.3,i5
"Lenovo - ThinkPad 14"" Refurbished Laptop - Intel Core i5 - 8GB Memory - 256GB SSD - Black",419.99,14.0,i5
"Thomson - Neo 15.6"" Laptop - Intel Core i5 - 8GB Memory - 1TB HDD - Black",449.99,15.6,i5
"Lenovo - Yoga 7i 14 2-in-1 14"" Touch-Screen Laptop - Intel Evo Platform Core i5 - 12GB Memory - 512GB SSD - Slate Grey",792.99,14.0,i5
"Samsung - Galaxy Book Flex2 Alpha 13.3"" QLED Touch-Screen Laptop - Intel Core i5 - 8GB Memory - 256GB SSD - Royal Silver",849.99,13.3,i5
"Dell - Inspiron 7000 2-in-1 - 17"" QHD+ Touch Laptop - 11th Gen Intel Core i7 -NVIDIA - 16GB RAM - 512GB SSD+32GB Optane - Silver",1379.99,17.0,i7
"Lenovo - ThinkPad L13 Yoga 2-in-1 13.3"" Touch Screen Laptop - Intel Core i7 - 16GB Memory - 512GB SSD - Black",1049.99,13.3,i7
"Dell - Inspiron 14.0"" FHD 2in1 Laptop - i7-1165G7 -16GB - Intel Iris Xe Graphics - 512GB SSD - Titan Grey",1149.99,14.0,i7
"HP - ENVY x360 2-in-1 15.6"" Touch-Screen Laptop - AMD Ryzen 7 - 8GB Memory - 512GB SSD - Nightfall Black",989.99,15.6,AMD Ryzen 7
"Acer - Nitro 5 15.6"" Laptop - Intel Core i5 - 8GB Memory - NVIDIA GeForce GTX 1650 - 256GB SSD - Obsidian Black",669.99,15.6,i5
"New!ASUS - ROG Zephyrus G14 14"" Laptop - AMD Ryzen 7 - 16GB Memory - NVIDIA GeForce GTX 1650 - 512GB SSD",1149.99,14.0,AMD Ryzen 7
"Samsung - 15.6"" Chromebook - Intel Celeron - 4GB Memory - 128GB eMMC Flash Memory - Platinum Titan",299.0,15.6,Intel Celeron
"HP - 17.3"" Laptop - Intel Core i5 - 8GB Memory - 256GB SSD - Natural Silver",619.99,17.3,i5
"Samsung - Galaxy Book Flex Alpha 2-in-1 13.3"" QLED Touch-Screen Laptop - Intel Core i7 - 12GB Memory - 512GB SSD - Royal Silver",799.99,13.3,i7
"HP OMEN - 16.1"" Laptop - AMD Ryzen 7 - 16GB Memory - AMD Radeon™ RX 6600M - 1TB SSD",1479.99,16.1,AMD Ryzen 7
"Alienware - m17 R4 - 17.3"" FHD Gaming laptop  - Intel Core i7 - 16GB Memory - NVIDIA GeForce RTX 3070 - 1TB Solid State Drive - Lunar Light",2349.99,17.3,i7
"Dell - Inspiron 7000 2-in-1 - 15.6"" FHD Touch Laptop - 11th Gen Intel Core i7 - 16GB RAM - 512GB SSD + 32GB Optane - Silver",1199.99,15.6,i7
"Lenovo - ThinkPad T450 14"" Refurbished Laptop - Intel Core i5 - 8GB Memory - 500GB Hard Drive - Black",346.99,14.0,i5
"HP - ENVY x360 2-in-1 15.6"" Touch-Screen Laptop - Intel Core i5 - 8GB Memory - 256GB SSD - Natural Silver",909.99,15.6,i5
"Dell - Inspiron 7000 2-in-1 - 15.6"" UHD Touch Laptop - 11th Gen Intel Core i7 - Xe MAX - 16GB RAM - 1TB SSD+32GB Optane - Black",1629.99,15.6,i7
"Dell - Inspiron 7000 2-in-1 - 15.6"" FHD Touchscreen Laptop - 11th Gen Intel Core i5 - 12GB RAM - 512GB SSD+32GB Optane - Silver",999.99,15.6,i5
"Lenovo - Ideapad 3 17 17"" Laptop - Intel Core i5 - 8GB Memory - 1TB HDD - Abyss Blue",629.99,17.0,i5
"ASUS - Vivobook 15.6"" Laptop - Intel 10th Gen i7 - 8GB Memory - 1TB+256GB PCIE SSD - Slate Grey - Slate Grey",699.99,15.6,i7
"HP - Pavilion x360 2-in-1 14"" Touch-Screen Laptop - Intel Core i3 - 8GB Memory - 128GB SSD - Natural Silver",499.99,14.0,i3
"HP - Spectre x360 2-in-1 13.5"" Touchscreen Laptop - Intel Evo Platform - Core i7 - 16GB Memory - 1TB SSD + 32GB Intel Optane - Nightfall Black",1729.99,13.5,i7
"ASUS - 14.0"" Laptop - Intel Celeron N4020 - 4GB Memory - 64GB eMMC - Rose Gold - Rose Gold",219.99,14.0,Intel Celeron
"GIGABYTE - 15.6"" 4K OLED Creator Laptop - Intel Core i7-11800H - 16GB - NVIDIA GeForce RTX 3060 1TB SSD",1399.99,15.6,i7
"Apple - MacBook Pro - 13"" Display with Touch Bar - Intel Core i5 - 8GB Memory - 512GB SSD - Space Gray",999.99,13.0,i5
"MSI - Sword 15.6"" Gaming Laptop - Intel Core i7 - NVIDIA GeForce RTX 3050ti - 512GB SSD - 8GB Memory - Black",999.99,15.6,i7
"HP - Pavilion x360 2-in-1 14"" Touch-Screen Laptop - Intel Core i5 - 8GB Memory - 256GB SSD - Warm Gold",799.99,14.0,i5
"Package - Apple - MacBook Air 13.3"" Laptop - Apple M1 chip - 8GB Memory - 256GB SSD (Latest Model) - Space Gray and TUMI - Alpha Bravo Sheppard Deluxe Brief Pack - Graphite",1324.99,13.3,Apple M1
"Package - Apple - MacBook Air 13.3"" Laptop - Apple M1 chip - 8GB Memory - 256GB SSD (Latest Model) - Space Gray and Beats by Dr. Dre - Beats by Dr. Dre - Beats Flex - Black",899.98,13.3,Apple M1
"Acer - Chromebook Spin 713 2-in-1 13.5"" 2K VertiView 3:2 Touch - Intel i5-10210U - 8GB Memory - 128GB SSD – Steel Gray",629.0,13.5,i5
"Package - Apple - MacBook Air 13.3"" Laptop - Apple M1 chip - 8GB Memory - 256GB SSD (Latest Model) - Gold and TUMI - Voyageur Carson Backpack - Black/Silver",1244.99,13.3,Apple M1
"Package - Apple - MacBook Air 13.3"" Laptop - Apple M1 chip - 8GB Memory - 256GB SSD (Latest Model) - Gold and Beats by Dr. Dre - Beats by Dr. Dre - Beats Flex - Black",899.98,13.3,Apple M1
"Package - Apple - MacBook Pro 13.3"" Laptop - Apple M1 chip - 8GB Memory - 256GB SSD (Latest Model) - Space Gray and TUMI - Alpha Bravo Sheppard Deluxe Brief Pack - Graphite",1574.99,13.3,Apple M1
"Package - Apple - MacBook Pro 13.3"" Laptop - Apple M1 chip - 8GB Memory - 256GB SSD (Latest Model) - Space Gray and Beats by Dr. Dre - Beats by Dr. Dre - Beats Flex - Black",1149.98,13.3,Apple M1
"Package - Apple - MacBook Air 13.3"" Laptop - Apple M1 chip - 8GB Memory - 256GB SSD (Latest Model) - Silver and Beats by Dr. Dre - Beats by Dr. Dre - Beats Flex - Black",899.98,13.3,Apple M1
"Package - Apple - MacBook Pro - 16"" Display with Touch Bar - Intel Core i9 - 16GB Memory - AMD Radeon Pro 5500M - 1TB SSD (Latest Model) - Space Gray and TUMI - Alpha Bravo Sheppard Deluxe Brief Pack - Graphite",2774.99,16.0,i9
"MacBook Pro 13.3"" Laptop - Apple M1 chip - 8GB Memory - 256GB SSD (Latest Model) - Silver",1099.99,13.3,Apple M1
"Package - Apple - MacBook Pro 13.3"" Laptop - Apple M1 chip - 8GB Memory - 256GB SSD (Latest Model) - Silver and Beats by Dr. Dre - Beats by Dr. Dre - Beats Flex - Black",1149.98,13.3,Apple M1
"MacBook Air 13.3"" Laptop - Apple M1 chip - 8GB Memory - 512GB SSD (Latest Model) - Gold",1099.99,13.3,Apple M1
"MacBook Pro 13.3"" Laptop - Apple M1 chip - 8GB Memory - 512GB SSD (Latest Model) - Silver",1299.99,13.3,Apple M1
"HP - Pavilion x360 2-in-1 14"" Touch-Screen Laptop - Intel Core i5 - 8GB Memory - 512GB SSD + 32GB Intel Optane - Warm Gold",879.99,14.0,i5
"Samsung - Galaxy Book Flex2 Alpha 13.3"" QLED Touch-Screen Laptop - Intel Core i7 - 16GB Memory - 512GB SSD - Mystic Black",1049.99,13.3,i7
"ASUS - 14.0"" Chromebook - Intel Celeron N3350 - 4GB Memory  - 32GB eMMC - Grey",249.0,14.0,Intel Celeron
"Microsoft - Surface Pro 7 - 12.3"" Touch Screen - Intel Core i3 - 4GB Memory - 128GB SSD with Black Type Cover (Latest Model) - Platinum",699.0,12.3,i3
"MacBook Air 13.3"" Laptop - Apple M1 chip - 8GB Memory - 512GB SSD (Latest Model) - Silver",1099.99,13.3,Apple M1
"HP - Stream 11.6"" Laptop - Intel Celeron - 4GB Memory - 64GB eMMC Flash Memory - Diamond White",249.99,11.6,Intel Celeron
"Apple - MacBook Pro - 13"" Display with Touch Bar - Intel Core i5 - 16GB Memory - 512GB SSD (Latest Model) - Space Gray",1799.99,13.0,i5
"Microsoft - Surface Pro 7 - 12.3"" Touch Screen - Intel Core i7 - 16GB Memory - 256GB SSD - Device Only (Latest Model) - Matte Black",1299.99,12.3,i7
"Apple - MacBook Pro - 13"" Display with Touch Bar - Intel Core i5 - 8GB Memory - 512GB SSD - Silver",999.99,13.0,i5
"HP - ENVY 2-in-1 13.3"" Touch-Screen Laptop - Intel Evo Platform - Core i7 - 8GB Memory - 512GB SSD - Pale gold",999.99,13.3,i7
"Microsoft - Surface Pro 7 - 12.3"" Touch Screen - Intel Core i5 - 8GB Memory - 256GB SSD - Device Only (Latest Model) - Matte Black",999.99,12.3,i5
"HP - 14"" 2-In-1  Touchscreen Chromebook - Intel Celeron - 4GB Memory - 32GB eMMC - Natural Silver",409.0,14.0,Intel Celeron
"Dell - Inspiron 7000 2-in-1 14.0"" Touch-Screen Laptop - AMD Ryzen 5 - 8GB Memory - 256GB Solid State Drive - Blue",799.99,14.0,AMD Ryzen 5
"HP - Pavilion 16.1"" Gaming Laptop - Intel Core i5 - 8GB Memory - NVIDIA GeForce GTX 1660 Ti - 512GB SSD + 32GB Optane - Shadow Black",999.99,16.1,i5
"Lenovo Ideapad 3 15.6"" Touch Screen Laptop - Intel Core i3 - 8GB Memory - 256GB SSD - Almond",549.99,15.6,i3
"HP - Spectre x360 2-in-1 15.6"" 4K Ultra HD Touch-Screen Laptop Intel Core i7 16GB Memory GeForce GTX 1650 Ti 1TB SSD - Nightfall Black",2029.99,15.6,i7
"New!Acer - Nitro 5 – Gaming Laptop - 15.6"" FHD 144Hz – 11th Gen Intel Core i5 - GeForce GTX 1650 - 8GB DDR4 - 256GB SSD",749.99,15.6,i5
"HP OMEN - 15.6"" Gaming Laptop - AMD Ryzen 7 - 16GB Memory - NVIDIA GeForce RTX 3060 - 512GB SSD - Mica Silver",1499.99,15.6,AMD Ryzen 7
"Apple - MacBook Pro - 16"" Display with Touch Bar - Intel Core i7 - 16GB Memory - AMD Radeon Pro 5300M - 512GB SSD (Latest Model) - Silver",1999.99,16.0,i7
"ASUS - ROG 13.4"" Touchscreen Gaming Laptop - AMD Ryzen 9 - 16GB Memory - NVIDIA RTX3050 Ti V4G Graphics - 1TB SSD - OFF BLACK - OFF BLACK",1349.99,13.4,AMD Ryzen 9
"HP - 14"" Chromebook - Intel Celeron - 4GB Memory - 32GB eMMC - Mineral Silver",149.0,14.0,Intel Celeron
"HP - Pavilion 2-in-1 14"" Touch-Screen Laptop - Intel Core i3 - 8GB Memory - 256GB SSD - Natural Silver",589.99,14.0,i3
"ASUS - Vivobook 17.3"" Laptop - Intel Core 10th Gen i7 - 16GB Memory - 1TB SSD - Transparent Silver",849.99,17.3,i7
"Microsoft - Surface Book 3 13.5"" Touch-Screen PixelSense™ - 2-in-1 Laptop - Intel Core i5 - 8GB Memory - 256GB SSD - Platinum",1599.99,13.5,i5
"ASUS - ROG 16"" WQXGA 165Hz Gaming Laptop - Intel Core i9 - 16GB Memory - NVIDIA RTX3060 - 1TB SSD - Off Black",1849.99,16.0,i9
"HP OMEN - 15.6"" Gaming Laptop - Intel Core i7 - 16GB Memory - NVIDIA GeForce RTX 3070 - 512GB SSD - Shadow Black",1799.99,15.6,i7
"Dell - G5 15.6"" FHD Gaming Laptop - AMD Ryzen 5 - 8GB RAM - AMD Radeon RX 5600M - 256GB SSD - 60Hz - Red print backlit keyboard - grey",849.99,15.6,AMD Ryzen 5
"MSI - GS66 15.6"" Gaming Laptop - Intel Core i7 - NVIDIA GeForce RTX 3060 - 1TB SSD - 16GB Memory - Black",1699.99,15.6,i7
"ASUS - ZenBook Flip 15 Q538EI 15.6"" Touch-Screen Laptop - Intel Core i7 - 16GB Memory - GTX1650Ti Max-Q - 1TB SSD - Grey",1499.99,15.6,i7
"Lenovo - Legion 5 15"" Gaming Laptop - AMD Ryzen 7 5800H - NVIDIA GeForce RTX 3050 Ti - 8GB Memory - 512GB SSD - Phantom Blue",1149.99,15.0,AMD Ryzen 7
Microsoft - Surface Laptop 4 - 13.5” Touch-Screen – Intel Core i5 - 8GB Memory - 512GB Solid State Drive (Latest Model) - Platinum,1299.99,13.5,i5
"HP - 11.6"" Chromebook - Intel Celeron - 4GB Memory - 32GB eMMC Flash Memory - Ash Gray",259.0,11.6,Intel Celeron
"HP - Spectre x360 2-in-1 13"" 4K OLED Touch-Screen Laptop - Intel Evo Platform Core i5 - 8GB Memory - 512GB SSD + 32GB Optane - Nightfall Black",1329.99,13.0,i5
"Samsung - Galaxy Chromebook 2 - 13.3"" QLED Touch-Screen - Intel® Core™ i3 - 8GB Memory - 128GB eMMC - Fiesta Red",699.0,13.3,i3
"Dell - Inspiron 7000 2-in-1 - 14"" Touch-Screen Laptop - AMD Ryzen 5 - 8GB Memory - 256GB SSD - Sandstorm",799.99,14.0,AMD Ryzen 5
"Acer - Chromebook Spin 713 Laptop - 13.5"" 2K - Gorilla Glass– Intel Evo Core i5 – 8GB RAM – 256GB SSD – Thunderbolt™ 4",699.0,13.5,i5
"ASUS - ROG Zephyrus 15.6"" QHD Gaming Laptop - AMD Ryzen 9 - 16GB Memory - NVIDIA GeForce RTX 3070 - 1TB SSD - Eclipse Grey - Eclipse Grey",1849.99,15.6,AMD Ryzen 9
"Microsoft - Surface Book 3 15"" Touch-Screen PixelSense™ - 2-in-1 Laptop - Intel Core i7 - 16GB Memory - 256GB SSD - Platinum",2299.99,15.0,i7
"HP - 2-in-1 14"" Touch-Screen Chromebook - Intel Core i3 - 8GB Memory - 64GB eMMC Flash Memory - Mineral Silver",629.0,14.0,i3
"Dell - G5 15.6"" Gaming Laptop - 144Hz - AMD Ryzen 7 - 8GB Memory - AMD Radeon RX 5600M - 512GB Solid State Drive - grey",1049.99,15.6,AMD Ryzen 7
"New!Dell - XPS 15 - 15.6"" FHD+ Laptop  - Intel Core i7 11800H - 16GB Memory - NVIDIA GeForce RTX 3050 Ti Graphics -512GB SSD - Platinum Silver",1899.99,15.6,i7
Microsoft - Surface Laptop 4 - 13.5” Touch-Screen – Intel Core i5 - 16GB Memory - 512GB Solid State Drive (Latest Model) - Platinum,1499.99,13.5,i5
"Microsoft - Surface Laptop Go - 12.4"" Touch-Screen - Intel 10th Generation Core i5 - 8GB Memory - 256GB Solid State Drive - Sandstone",749.99,12.4,i5
Geo - GeoBook 120 Minecraft Edition 12.5-inch HD Laptop - Intel Celeron Quad Core Processor - 4GB Memory - 64GB eMMC - Minecraft Green,259.99,12.5,Intel Celeron
"Microsoft - Surface Book 3 13.5"" Touch-Screen PixelSense™ - 2-in-1 Laptop - Intel Core i7 - 16GB Memory - 256GB SSD - Platinum",1999.99,13.5,i7
"Dell - Inspiron 14 7000 - 14"" FHD Laptop - Intel Core i7 - 8GB Memory - 512 GB SSD - Silver",849.99,14.0,i7
"Microsoft - Surface Book 3 15"" Touch-Screen PixelSense™ - 2-in-1 Laptop - Intel Core i7 - 32GB Memory - 512GB SSD - Platinum",2799.99,15.0,i7
"Alienware - Area 51M R2 Laptop - 17.3"" FHD- 300Hz- Win 10H - Intel Core i7 - NVIDIA RTX 2070 Super - 16GB RAM - 512GB SSD - RGB KB - Lunar Light",1999.99,17.3,i7
"Alienware - m15 R4 - 15.6"" FHD Gaming laptop  - Intel Core i7 - 16GB Memory - NVIDIA GeForce RTX 3070 - 512GB Solid State Drive - Dark Side of the Moon",2099.99,15.6,i7
"Dell - Inspiron 15.6"" HD Non Touch Laptop -AMD Ryzen 7 3700U - 12GB RAM - 512 GB SSD - Black",729.99,15.6,AMD Ryzen 7
"Apple - MacBook Pro - 16"" Display with Touch Bar - Intel Core i9 - 16GB Memory - AMD Radeon Pro 5500M - 1TB SSD (Latest Model) - Silver",2299.99,16.0,i9
"Samsung - Galaxy Book Pro 360 13.3"" AMOLED Touch-Screen Laptop - Intel Evo Platform Core i7 - 16GB Memory - 512GB SSD - Mystic Navy",1399.99,13.3,i7
"Dell - G7 17.3"" 300Hz Gaming Laptop - Intel Core i7 - 16GB Memory - NVIDIA GEFORCE RTX 2070 (Max-P) - 512GB SSD - RGB Keyboard - Black",1699.99,17.3,i7
"Acer - Nitro 5 15.6"" Gaming Laptop - AMD Ryzen 5 - 8GB Memory - NVIDIA GeForce GTX 1650 - 256GB SSD - Obsidian Black",719.99,15.6,AMD Ryzen 5
"Acer - Nitro 5 – Gaming Laptop - 15.6"" FHD – 11th Gen Intel Core i5 - NVIDIA GeForce GTX 1650 - 8GB DDR4 - 256GB SSD",749.99,15.6,i5
"Microsoft - Surface Pro 7 - 12.3"" Touch Screen - Intel Core i5 - 8GB Memory - 256GB SSD with Black Type Cover (Latest Model) - Matte Black",1329.0,12.3,i5
"MSI - GF65 15.6"" 144hz Gaming Laptop - Intel Core i5 - NVIDIA GeForce RTX3060 - 512GB SSD - 8GB Memory - Black",1099.99,15.6,i5
"Samsung - Galaxy Book Pro 15.6"" AMOLED Laptop - Intel Evo Platform Core i7 - 16GB Memory - 512GB SSD - Mystic Blue",1149.99,15.6,i7
"New!Dell - XPS 15 - 15.6"" OLED Touch-Screen Laptop  - Intel Core i7 11800H - 16GB Memory - NVIDIA GeForce RTX 3050 Ti -1TB SSD - Arctic White",2399.99,15.6,i7
"Dell - Inspiron 7000 2-in-1 14.0"" Touch-Screen Laptop - AMD Ryzen 7 - 16GB Memory - 512GB Solid State Drive - Blue",999.99,14.0,AMD Ryzen 7
"Lenovo - Yoga 7i 2-in-1 15.6"" HDR Touch Screen Laptop - Intel Evo Platform Core i7 - 12GB Memory - 512GB Solid State Drive - Dark Moss",999.99,15.6,i7
"Microsoft - Surface Book 3 13.5"" Touch-Screen PixelSense™ - 2-in-1 Laptop - Intel Core i7 - 32GB Memory - 512GB SSD - Platinum",2499.99,13.5,i7
"Samsung - Galaxy 13.3"" 4K Ultra HD Touch-Screen Chromebook - Intel Core i5 - 8GB Memory - 256GB SSD - Fiesta Red",749.0,13.3,i5
"ASUS - ROG Zephyrus G14 14"" Laptop - AMD Ryzen 7 - 8GB Memory - NVIDIA GeForce GTX 1650 - 512GB SSD - Eclipse Gray",989.99,14.0,AMD Ryzen 7
"Lenovo - Legion Slim 7 15"" 4K Ultra HD Gaming Laptop - AMD Ryzen 9 5900HX - NVIDIA GeForce RTX 3050 Ti - 16GB Memory - 1TB SSD - Shadow Black",1699.99,15.0,AMD Ryzen 9
"Acer - Nitro 5 – Gaming Laptop - 15.6"" 144Hz – Intel 11th Gen i7 - NVIDIA GeForce RTX 3050Ti - 16GB DDR4 - 512GB SSD",1099.99,15.6,i7
"Razer - Blade 14- 14"" Gaming Laptop- QHD 165Hz- AMD Ryzen 9 5900HX- NVIDIA GeForce RTX 3070- 16GB RAM- 1TB SSD - Black",2199.99,14.0,AMD Ryzen 9
"Apple - MacBook Air 13.3"" (2017) MQD32LL/A Intel Core i5 - 8GB Memory, 128GB SSD (Certified Refurbished) - Silver",629.99,13.3,i5
"Lenovo Yoga C740 2-in-1 15.6"" Touch Screen Laptop - Intel Core i5 - 8GB Memory - 512GB SSD + 32GB Optane H10 - Iron Grey",949.99,15.6,i5
"Dell - Vostro 14 3000 14"" Laptop - Intel Core i5 - 8 GB Memory - 1 TB HDD + 256 GB SSD - Black Accent",649.99,14.0,i5
"Microsoft - Surface Laptop Go - 12.4"" Touch-Screen - Intel 10th Generation Core i5 - 4GB Memory - 64GB eMMC - Platinum",549.99,12.4,i5
"Microsoft - Surface Pro 7 - 12.3"" Touch Screen - Intel Core i5 - 16GB Memory - 256GB SSD - Device Only (Latest Model) - Platinum",1199.99,12.3,i5
"Razer Blade 15 Base - 15.6"" 4K OLED Gaming Laptop - Intel Core i7 - NVIDIA GeForce RTX 2070 - 512GB SSD - 16GB Memory - Mercury White",1699.99,15.6,i7
"Razer - Blade 15.6"" 4K UHD Touch-Screen Laptop - Intel Core i7 - 32GB Memory - NVIDIA Quadro RTX 5000 Studio Edition - 1TB SSD - Mercury",3799.99,15.6,i7
"Dell - Inspiron 14 7000 2-in-1 - 14"" Touch-Screen Laptop - AMD Ryzen 7 - 16GB Memory - 512GB SSD - Sandstorm",999.99,14.0,AMD Ryzen 7
"Acer - Predator Triton 300 SE 14"" 144Hz Laptop – Intel 11th Gen i7 – NVIDIA GeForce RTX 3060 - 16GB DDR4 – 512GB SSD",1329.99,14.0,i7
"Samsung - Galaxy 13.3"" 4K Ultra HD Touch-Screen Chromebook - Intel Core i5 - 8GB Memory - 256GB SSD - Mercury Gray",749.0,13.3,i5
"HP - 14"" Touch-Screen Laptop - Intel Core i3 - 8GB Memory - 256GB SSD - Natural Silver",499.99,14.0,i3
"Microsoft - Surface Pro 7 - 12.3"" Touch Screen - Intel Core i7 - 16GB Memory - 512GB SSD - Device Only (Latest Model) - Matte Black",1699.99,12.3,i7
"Microsoft - Surface Laptop 3 - 13.5"" Touch-Screen - Intel Core i5 - 8GB Memory - 128GB Solid State Drive - Platinum",999.99,13.5,i5
"Lenovo Yoga 6 13 2-in-1 13.3"" Touch Screen Laptop - AMD Ryzen 5 - 8GB Memory - 256GB SSD - Abyss Blue Fabric Cover",656.99,13.3,AMD Ryzen 5
"HP - 14"" 2-In-1  Touchscreen Chromebook - Intel Core i3 - 8GB Memory - 128GB SSD - Mineral Silver",699.0,14.0,i3
"Lenovo - 15.6"" ThinkPad E15 Gen 2 Laptop - Intel Core i7 - 8GB Memory - 512 SSD - Black",1099.99,15.6,i7
"Apple - MacBook Air 13.3"" Laptop with Touch ID - Intel Core i5 - 8GB Memory - 512GB Solid State Drive - Space Gray",1249.99,13.3,i5
"ASUS - Zenbook 14"" Laptop - AMD Ryzen 5 - 8GB Memory - NVIDIA GeForce MX350 - 256GB SSD - Light Gray",699.99,14.0,AMD Ryzen 5
"Dell - XPS 13"" Touch-Screen Laptop -Intel Evo Platform- Intel Core i7 - 8GB Memory - 512GB SSD - Platinum Silver - Platinum Silver",1599.99,13.0,i7
"Dell - Inspiron 5000 2-in-1 14.0"" Touch-Screen Laptop - Intel Core i7 - 16GB RAM - 512GB SSD - Silver",1049.99,14.0,i7
Microsoft - Surface Laptop 4 - 13.5” Touch-Screen – Intel Core i5 - 16GB Memory - 512GB Solid State Drive (Latest Model) - Ice Blue,1499.99,13.5,i5
"Razer - Blade 15 Base - 15.6"" Gaming Laptop - Intel Core i7 - 16GB Memory - NVIDIA GeForce GTX 1660 Ti - 256GB SSD - Black",1299.99,15.6,i7
"ASUS - Vivobook 17.3"" Laptop - AMD Ryzen 7 - 12GB Memory - AMD Radeon Vega 10 - 512GB SSD - Silver",639.99,17.3,AMD Ryzen 7
"New!Razer - Blade 14- 14"" Gaming Laptop- FHD 144Hz- AMD Ryzen 9 5900HX- NVIDIA GeForce RTX 3060- 16GB RAM- 1TB SSD - Black",1799.99,14.0,AMD Ryzen 9
"ASUS - 15.6"" Laptop - Intel Celeron N4020 - 4GB Memory - 64GB eMMC - Star Black",264.99,15.6,Intel Celeron
"Samsung - Galaxy Chromebook 2 - 13.3"" QLED Touch-Screen - Intel® Core™ i3 - 8GB Memory - 128GB eMMC - Mercury Gray",699.0,13.3,i3
"Microsoft - Surface Pro 7 - 12.3"" Touch Screen - Intel Core i7 - 16GB Memory - 1TB SSD - Device Only (Latest Model) - Platinum",2039.99,12.3,i7
"Lenovo - Yoga 7i 15 2-in-1 15.6"" Touch Screen Laptop - Intel Evo Platform Core i7 - 12GB Memory - 512GB SSD - Slate Grey",1135.99,15.6,i7
"ASUS - 14.0"" Laptop - Intel Celeron N4020 - 4GB Memory - 64GB eMMC - Peacock Blue - Peacock Blue",219.99,14.0,Intel Celeron
"Lenovo Yoga C740 2-in-1 15.6"" Touch Screen Laptop - Intel Core i7 - 12GB Memory - 512GB SSD - Mica",1049.99,15.6,i7
"Alienware - m15 R3 - 15.6"" Gaming Laptop - Intel Core i7 - 16GB Memory - NVIDIA GeForce RTX 2070 SUPER - 512GB SSD - RGB Keyboard - Dark Side Of The Moon",1709.99,15.6,i7
"Acer - Predator Triton 300 SE 14"" 144Hz Laptop – Intel 11th Gen i7 – NVIDIA GeForce RTX 3050Ti  - 16GB DDR4 – 512GB SSD",1199.99,14.0,i7
"ASUS - Q507IQ 15.6"" Touch-Screen Laptop - AMD Ryzen 7 - 8GB Memory - NVIDIA GeForce MX350 - 256GB SSD - Light Grey - Light Grey",849.99,15.6,AMD Ryzen 7
"Samsung - Galaxy Chromebook 2 - 13.3"" QLED Touch-Screen - Intel Celeron - 4GB Memory - 64GB eMMC - Fiesta Red",549.0,13.3,Intel Celeron
"Apple - MacBook Pro - 13"" Display with Touch Bar - Intel Core i5 - 8GB Memory - 256GB SSD - Space Gray",1249.99,13.0,i5
"ASUS - 15.6"" 4K Ultra HD Touch-Screen Gaming Laptop - Intel Core i7 - 16GB Memory - NVIDIA GeForce GTX 1050 - 1TB SSD - Gun Gray",1499.99,15.6,i7
"Lenovo - Yoga 7i 14 2-in-1 14"" Touch-Screen Laptop - Intel Evo Platform Core i7 - 16GB Memory - 1TB SSD - Slate Grey",1255.99,14.0,i7
"Lenovo - ThinkPad L450 14"" Intel Core i5 2.3Ghz-5300U 8GB 256GB SSD Windows 10 Pro - Refurbished",328.99,14.0,i5
"Acer - 11.6"" HD- Chromebook 311- Intel Celeron N4000-4GB Memory -32GB eMMC",219.0,11.6,Intel Celeron
"Lenovo - V14 IIL 14"" Laptop - Intel Core i5-1035G1 - 8GB Memory - 256GB SSD - Gray",479.99,14.0,i5
"Dell - G7 15.6"" Gaming Laptop - 300Hz - Intel Core i7 - 16GB Memory - NVIDIA GEFORCE RTX 2060 - 512GB SSD - RGB - Black",1549.99,15.6,i7
"Razer - Blade 14- 14"" Gaming Laptop- QHD 165Hz- AMD Ryzen 9 5900HX- NVIDIA GeForce RTX 3080- 16GB RAM- 1TB SSD - Black",2799.99,14.0,AMD Ryzen 9
"ASUS - Vivobook 14"" Laptop - Intel 10th Gen i3 - 4GB Memory - 128GB SSD - DREAMY WHITE",369.99,14.0,i3
"Dell - G15 15.6"" FHD Gaming Laptop - AMD Ryzen 7 - 16GB Memory - NVIDIA GeForce RTX 3050 Ti - 1TB Solid State Drive - Grey",1249.99,15.6,AMD Ryzen 7
"HP - EliteBook Folio 14"" Refurbished Laptop - Intel Core i5 - 8GB Memory - 128GB Solid State Drive - Black",297.99,14.0,i5
"Dell - XPS 17"" UHD+ Touch Laptop - Intel Core i7 - 16GB Memory - 1TB SSD - NVIDIA GeForce RTX 2060 6GB - Silver cover, black interior",2899.99,17.0,i7
"ASUS - ROG Strix G15 15.6"" Gaming Laptop - Intel Core i7 - 8GB Memory - NVIDIA GeForce GTX 1650 Ti - 512GB SSD - Electro Punk",799.99,15.6,i7
"Apple - MacBook Air 13.3"" Laptop with Touch ID - Intel Core i5 - 8GB Memory - 512GB Solid State Drive - Gold",1249.99,13.3,i5
"New!ASUS - TUF Gaming 17.3"" Laptop - Intel Core i5 - 8GB Memory - NVIDIA GeForce RTX3050 Ti - 512GB SSD - Eclipse Grey",999.99,17.3,i5
"Microsoft - Surface Book 3 13.5"" Touch-Screen PixelSense™ - 2-in-1 Laptop - Intel Core i7 - 32GB Memory - 1TB SSD - Platinum",2699.99,13.5,i7
"Acer - Predator Triton 500 SE 16"" 2560x1600 165Hz Laptop – Intel 11th Gen i7 – GeForce RTX 3060 - 16GB DDR4 – 512GB SSD",1599.99,16.0,i7
"Apple - MacBook Pro - 13"" Display with Touch Bar - Intel Core i5 - 16GB Memory - 1TB SSD (Latest Model) - Silver",1999.99,13.0,i5
"Apple - Pre-Owned - MacBook Pro 13.3""  Laptop - Intel Core i5 - 4GB Memory - 500 GB Hard Drive - Aluminum",519.99,13.3,i5
"Apple - MacBook Pro 16"" Display with Touch Bar - Intel Core i9 - 32GB Memory - 1TB SSD - Space Gray",3299.0,16.0,i9
"MSI - GF75 THIN 17.3"" Gaming Laptop -  i7-10750H - 16GB Memory - NVIDIA GeForce GTX 1660 Ti - 1TB SSD - Aluminum Black",1299.99,17.3,i7
"HP - 13.5"" 2-in-1 x360 Touch-Screen Chromebook - Intel Core i5 - 8GB Memory - 256GB SSD - Natural Silver",749.0,13.5,i5
"Lenovo - Yoga 7i 15 2-in-1 15.6"" Touch Screen Laptop - Intel Evo Platform Core i7 - 16GB Memory - 1024GB SSD - Slate Grey",1305.99,15.6,i7
"Google - Pixelbook Go 13.3"" 4K Ultra HD Touch-Screen Chromebook - Intel Core i7 - 16GB Memory - 256GB Solid State Drive - Just Black",1399.0,13.3,i7
"MSI - Stealth 15M 15.6"" 144hz Gaming Laptop - Intel Core i7 - NVIDIA GeForce RTX 3060 - 1TB SSD - 16GB - Black",1599.99,15.6,i7
"Dell - XPS 2-in-1 13.4"" Touch-Screen Laptop - Intel Core i7 - 1TB SSD - Platinum Silver With Black Interior",2069.99,13.4,i7
"Dell - XPS 13"" UHD+ Touch-Screen Laptop -Intel Evo Platform- Intel Core i7 - 16GB Memory - 512GB SSD - Frost White - Frost white",1949.99,13.0,i7
"Microsoft - Surface Laptop 3 - 13.5"" Touch-Screen - Intel Core i5 - 8GB Memory - 256GB Solid State Drive - Cobalt Blue",1169.99,13.5,i5
LG - gram 17” WQXGA Laptop – Intel Evo Platform Core i7 – 16GB RAM – 1TB NVMe Solid State Drive - Black,1786.99,17.0,i7
"Lenovo - ThinkPad T470 14"" Refurbished Laptop - Intel Core i5 6300u - 8GB Memory - 256GB Solid State Drive",383.99,14.0,i5
"Apple - Pre-Owned - MacBook Pro 13.3"" Pre-Owned Laptop - Intel Core i5 - 4GB Memory - 500GB Hard Drive - Silver",449.99,13.3,i5
"ASUS - VivoBook S15 15.6"" Laptop - Intel Core i5 - 8GB Memory - 512GB SSD - Indie Black/Gray",699.99,15.6,i5
"ASUS - VivoBook Flip 14 14"" Touch-Screen Laptop - AMD Ryzen 5 - 8GB Memory - 512GB Solid State Drive - Bespoke Black",619.99,14.0,AMD Ryzen 5
Microsoft - Surface Laptop 4 - 13.5” Touch-Screen – Intel Core i5 - 16GB Memory - 512GB Solid State Drive (Latest Model) - Black Metal,1499.99,13.5,i5
"ASUS - TUF Gaming 17.3"" Laptop - Intel Core i5 - 8GB Memory - NVIDIA GeForce GTX 1650 Ti - 512GB SSD - Bonfire Black",849.99,17.3,i5
"ASUS - TUF DASH 15.6"" Gaming Laptop - Intel 11th Gen i7 - 16GB Memory - GeForce RTX 3070 - 1TB M.2 PCIEG3 SSD - Eclipse Grey - Eclipse Grey",1499.99,15.6,i7
"MSI - GS66 10SE 15.6"" Laptop - Intel Core i7 - 16GB Memory - NVIDIA GeForce RTX 2060 - 512GB SSD - Black Core",1499.99,15.6,i7
Geo - GeoBook 120 12.5-inch HD Laptop - Intel Celeron Dual Core Processor - 4GB Memory - 64GB eMMC - Purple,219.99,12.5,Intel Celeron
"Microsoft - Surface Book 3 15"" Touch-Screen PixelSense™ - 2-in-1 Laptop - Intel Core i7 - 32GB Memory - 2TB SSD - Platinum",3399.99,15.0,i7
"Google - Pixelbook Go 13.3"" Touch-Screen Chromebook - Intel Core i5 - 8GB Memory - 128GB Solid State Drive - Just Black",849.0,13.3,i5
"Dell - Latitude 5511 15.6"" FHD Laptop - i5 - 8GB Memory - 256GB Solid State Drive",1379.99,15.6,i5
"Lenovo - IdeaPad Gaming 3 15"" Laptop - AMD Ryzen 5 5600H - NVIDIA GeForce GTX 1650 - 8GB Memory - 512GB SSD - Shadow Black",779.99,15.0,AMD Ryzen 5
"MSI - GS76 Stealth 17.3"" Gaming Laptop - Intel Core i7 - 32 GB Memory - NVIDIA GeForce RTX 3080 - 1 TB SSD - Core Black",3099.99,17.3,i7
"Samsung - Galaxy Book Pro 360 15.6"" AMOLED Touch-Screen Laptop - Intel Evo Platform Core i7 - 8GB Memory - 512GB SSD - Mystic Navy",1299.99,15.6,i7
"Dell - Inspiron 5000  15.6"" Laptop - Intel Core i7 - 8GB Memory - 512GB Solid State Drive - Silver",829.99,15.6,i7
"New!GIGABYTE - 15.6"" FHD IPS 144Hz Gaming Laptop - i5-11400H - 16GB - NVIDIA GeForce RTX 3050 512 GB SSD",999.99,15.6,i5
"Dell - Latitude 3510 15.6"" Notebook - Intel Core i5 10210U - 8 GB RAM - Intel UHD - 256 GB SSD",843.99,15.6,i5
"HP - EliteBook Folio 14"" Refurbished Laptop - Intel Core i5 - 8GB Memory - 500GB Hard Drive - Black",309.99,14.0,i5
"Dell - XPS 13"" 2-in-1 Touch FHD+ Laptop - Intel Evo Platform Core i7- 8GB RAM- 256GB SSD - Platinum Silver - Platinum Silver with Black Palmrest",1599.99,13.0,i7
"Razer - Blade 15 Advanced - 15.6"" Gaming Laptop - Intel Core i7 - 16GB Memory - NVIDIA GeForce RTX 2070 SUPER - 512GB SSD - Black",2199.99,15.6,i7
LG - gram 16” WQXGA Laptop – Intel Evo Platform Core i7 – 16GB RAM – 1TB NVMe Solid State Drive - Silver,1681.99,16.0,i7
"New!Lenovo - IdeaPad 5 15ITL05 15.6"" Laptop - Intel Core i7 - 12 GB Memory - 512 GB SSD - Graphite Gray",979.99,15.6,i7
"HP - Pavilion 15.6"" Touch-Screen Laptop - Intel Core i3-1125G4 - 8GB Memory - 256GB SSD",649.99,15.6,i3
"ASUS - ZenBook Pro 15.6"" Touch-Screen Laptop - Intel Core i7 - 16GB Memory - NVIDIA GeForce GTX 1650Ti - 1TB SSD - Pine Gray",1499.99,15.6,i7
"Lenovo - ThinkPad 12.5"" Refurbished Laptop - Intel Core i5 - 8GB Memory - 256GB Solid State Drive - Black",334.99,12.5,i5
LG - gram 16” WQXGA Laptop – Intel Evo Platform Core i7 – 16GB RAM – 1TB NVMe Solid State Drive - Black,1699.99,16.0,i7
"Lenovo - ThinkPad E14 14"" Laptop - Intel Core i3 - 4GB Memory - 500GB Hard Drive - Black",546.0,14.0,i3
"Apple - MacBook Air 13.3"" Laptop with Touch ID - Intel Core i3 - 8GB Memory - 256GB Solid State Drive - Space Gray",949.99,13.3,i3
"Apple - Pre-Owned - MacBook Air 11.6"" Laptop - Intel Core i5 - 4GB Memory - 128GB Flash Storage - Silver",469.99,11.6,i5
"Dell - Latitude 7480 14"" Refurbished Laptop - Intel Core i7 - 16GB Memory - 512GB SSD - Gray",670.99,14.0,i7
"Lenovo - Yoga 7i 2-in-1 14"" Touch Screen Laptop - Intel Evo Platform Core i7 - 12GB Memory - 512GB Solid State Drive - Slate Grey",1079.99,14.0,i7
"Dell - Latitude 14"" Refurbished Laptop - Intel Core i5 - 4GB Memory - 500GB Hard Drive - Gray",266.99,14.0,i5
"Package - Lenovo - ThinkPad E14 14"" Laptop - Intel Core i3 - 4GB Memory - 500GB Hard Drive - Black and ThinkVision 14"" IPS LED FHD Monitor (USB) - Raven Black",815.99,14.0,i3
"MSI - Workstation 15.6"" Touchscreen Laptop - i9-10980HK - 64GB Memory - 1TB SSD",2999.99,15.6,i9
"MSI - 14"" FHD IPS Notebook - Intel Core i5 (10th Gen) i5-10210U - 8GB - NVIDIA GeForce MX330 - 512GB SSD - Carbon Gray",699.99,14.0,i5
"Dell - Inspiron 5000  15.6"" Laptop - Intel Core i5 - 8GB Memory - 512GB Solid State Drive - Silver",729.99,15.6,i5
"ASUS - 14"" Touch-Screen Laptop - AMD Ryzen 5 - 8GB Memory - 256GB Solid State Drive - Silver",699.99,14.0,AMD Ryzen 5
"Apple - Pre-Owned - MacBook Pro 13.3"" Laptop - Intel Core i5 - 8GB Memory - 512GB Flash Storage - Silver",699.99,13.3,i5
HP OMEN - 15.6” 4K UHD Gaming Laptop – Intel Core i7 – 16GB Memory – NVIDIA GeForce RTX 2070 – 1TB SSD - Shadow Black,1529.99,15.6,i7
Geo - GeoBook 120 12.5-inch HD Laptop - Intel Celeron Quad Core Processor - 4GB Memory - 64GB eMMC - Pink,239.99,12.5,Intel Celeron
"ASUS - VivoBook 15.6"" Laptop - AMD Ryzen 7 - 8GB Memory - 1TB Solid State Drive - Indie Black",718.99,15.6,AMD Ryzen 7
Acer - Chromebook 512 – 12” IPS Display - Intel Celeron N4020 - 4GB Memory - 32GB eMMC – Ruggedized – Spill Resistant KB,279.0,12.0,Intel Celeron
"HP - EliteBook 14"" Refurbished Laptop - Intel Core i5 - 8GB Memory - 128GB Solid State Drive - Black",297.99,14.0,i5
"Dell 11 3120 11.6"" Pre-Owned Chromebook - Intel Celeron N2840 - 4GB Memory - 16GB eMMC - Chrome OS",105.99,11.6,Intel Celeron
"HP 11 G4 11.6"" Pre-Owned Chromebook - Intel Celeron N2840 - 4GB Memory - 16GB eMMC - Chrome OS",115.99,11.6,Intel Celeron
"Microsoft - Surface Laptop 3 - 13.5"" Touch-Screen - Intel Core i7 - 16GB Memory - 512GB Solid State Drive - Cobalt Blue",1999.99,13.5,i7
"Razer Book 13.4"" FHD+ Touch Screen Laptop - Intel Evo Platform - Intel Core i7 - 16GB Memory - 256GB SSD - Mercury White - Mercury White",1554.99,13.4,i7
"Dell - Latitude 14"" Refurbished Laptop - Intel Core i5 - 8GB Memory - 500GB Hard Drive - Gray",288.99,14.0,i5
"ASUS - ROG 16"" WUXGA 144Hz Gaming Laptop - Intel Core i7 - 16GB Memory - NVIDIA RTX3050Ti - 512GB SSD",1449.99,16.0,i7
"Razer - Blade 15 Advanced - 15.6"" Gaming Laptop - FHD-360HZ - Intel Core i7 - NVIDIA GeForce RTX 3070 - 16GB RAM - 1TB SSD - Black",2699.99,15.6,i7
LG - gram 14” WUXGA Laptop – Intel Evo Platform Core i5 – 8GB RAM – 256GB NVMe Solid State Drive - White,1199.99,14.0,i5
"Samsung - Galaxy Book Pro 15.6"" AMOLED Laptop - Intel Evo Platform Core i5 - 8GB Memory - 512GB SSD - Mystic Silver",949.99,15.6,i5
"Lenovo - Flex 5 14"" 2-in-1 14"" Touch-Screen Laptop - Intel Core i3 - 8GB Memory - 128GB SSD - Graphite Gray",617.99,14.0,i3
"MSI - Modern 15.6"" Laptop - Intel Core i7 - 16GB Memory - 512GB SSD - Carbon Gray",999.99,15.6,i7
"Lenovo Yoga 6 13 2-in-1 13.3"" Touch Screen Laptop - AMD Ryzen 7 - 16GB Memory - 1024GB SSD - Abyss Blue Fabric Cover",1029.99,13.3,AMD Ryzen 7
"MSI - GS66 Stealth 15.6"" Gaming Laptop - Intel Core i7 - 16 GB Memory - NVIDIA GeForce RTX 2070 Max-Q - 1 TB SSD - Core Black",1599.99,15.6,i7
"Samsung - Galaxy Book Pro 15.6"" AMOLED Laptop - Intel Evo Platform Core i5 - 8GB Memory - 512GB SSD - Mystic Blue",949.99,15.6,i5
"Acer C720-2103 11.6"" Pre-Owned Chromebook - Intel Celeron N2955 - 2GB Memory - 16GB eMMC - Chrome OS",94.99,11.6,Intel Celeron
"Summit E13 FLIP 13.4"" 2in1 Touch Laptop - i7-1185G7 - IRISXe - 32GB Memory - 1TBSSD - Win10PRO with MSI Pen - Ink Black",1762.99,13.4,i7
"MSI - Prestige14EVO012 14"" Laptop - Intel® Evo™ Platform - Intel Core i7 - 16GB Memory - 1TB SSD - Carbon Gray",1079.99,14.0,i7
"Apple - Pre-Owned - MacBook Air - 13.3""- Intel Core i5 - 8GB Memory - 128GB Solid State Drive - Space Gray",799.99,13.3,i5
"Apple - Pre-Owned - MacBook Pro 13.3"" Laptop - Intel Core i5 - 8GB Memory - 256GB Solid State Drive - Space Gray",649.99,13.3,i5
"MSI - Prestige 14"" Laptop - i7-1185G7 - 16GB Memory - 1TB SSD",1499.99,14.0,i7
"Lenovo - 14"" ThinkPad X1 Carbon G9 Laptop - Intel Core i5 - 8GB Memory - 256 SSD - Black",1859.99,14.0,i5
"HP - EliteBook 14"" Refurbished Laptop - Intel Core i5 - 8GB Memory - 512GB SSD - Silver",599.99,14.0,i5
"Apple - MacBook Pro - 13"" Display with Touch Bar - Intel Core i5 - 8GB Memory - 512GB SSD - Silver",1899.99,13.0,i5
"HP - Refurbished EliteBook 840 G3 14"" Laptop - Intel Core i5 - 16GB Memory - 256GB Solid State Drive - Black",509.99,14.0,i5
"Lenovo - 13"" ThinkPad X1 Nano Gen1 Laptop - Intel Core i5 - 16GB Memory - 256 SSD - Black",1599.99,13.0,i5
"Dell - Latitude 14"" Refurbished Laptop - Intel Core i5 - 8GB Memory - 256GB Solid State Drive - Black",459.99,14.0,i5
"Microsoft - Surface Book 3 15"" Touch-Screen PixelSense™ - 2-in-1 Laptop - Intel Core i7 - 32GB Memory - 1TB SSD - Platinum",2999.99,15.0,i7
"Apple - MacBook Air 13.3"" Laptop with Touch ID - Intel Core i3 - 8GB Memory - 256GB Solid State Drive - Gold",949.99,13.3,i3
"MSI - Modern 14"" Laptop - i7-10510U - 16GB Memory - 512GB SSD - Win10 PRO - Carbon Gray",849.99,14.0,i7
"MSI - Modern 14"" Laptop -  i5-1135G7 - 8GB Memory - 1TB SSD - Win10PRO - Carbon Gray",1047.99,14.0,i5
"Samsung - Galaxy Chromebook 2 - 13.3"" QLED Touch-Screen - Intel Celeron - 4GB Memory - 64GB eMMC - Mercury Gray",549.0,13.3,Intel Celeron
"Apple - MacBook Pro - 13"" Display with Touch Bar - Intel Core i5 - 8GB Memory - 256GB SSD - Silver",1249.99,13.0,i5
"HP - ENVY x360 2-in-1 15.6"" Touch-Screen Laptop - Intel Core i7 - 12GB Memory - 512GB SSD + 32GB Optane - Natural Silver",839.99,15.6,i7
"Dell - Latitude 12.5"" Refurbished Laptop - Intel Core i7 - 8GB Memory - 256GB Solid State Drive - Black",479.99,12.5,i7
"Dell - XPS 15.6"" FHD+ Laptop - Intel Core i7 - 16GB Memory - 256GB SSD - NVIDIA GeForce GTX 1650 Ti - Silver cover, black interior",1799.99,15.6,i7
"Apple - Pre-Owned - MacBook Pro 15.4"" Laptop - Intel Core i7 - 16GB Memory - 256GB Flash Storage - Silver",899.99,15.4,i7
"HP - EliteBook 14"" Refurbished Laptop - Intel Core i5 - 8GB Memory - 180GB Solid State Drive - Silver",343.99,14.0,i5
"Apple - Pre-Owned - MacBook Pro 13.3""Laptop - Intel Core i5 - 8GB Memory - 500GB Hard Drive - Silver",489.99,13.3,i5
"Apple - Pre-Owned - MacBook Pro 13.3"" Laptop - Intel Core i5 - 8GB Memory - 500GB Hard Drive - Silver",489.99,13.3,i5
"Dell - XPS 13.4"" 2-in-1 Touch UHD+ Laptop - Intel Core i7- 32GB Memory - 1TB Solid State Drive - Platinum Silver, Black interior",2249.99,13.4,i7
"Dell - Latitude 14"" Refurbished Laptop - Intel Core i5 - 16GB Memory - 512GB SSD - Gray",498.99,14.0,i5
"ASUS - Chromebook Flip C436 14"" 2-in-1 Touchscreen FHD Laptop - Intel Core i3-10110U 8GB 128GB Magnesium-Alloy - Silver",799.99,14.0,i3
"Apple - Pre-Owned - MacBook Pro 15"" - Core i7 - 16 GB Memory - 256GB Solid State Drive - Space Gray - Space Gray",1199.99,15.0,i7
"ASUS - ZenBook Flip 2-in-1 13.3"" Touch-Screen Laptop - Intel Core i5 - 8GB Memory - 512GB SSD - Pine Gray",899.99,13.3,i5
"Google - Pixelbook Go 13.3"" Touch-Screen Chromebook - Intel Core i5 - 16GB Memory - 128GB Solid State Drive - Just Black",999.0,13.3,i5
"ASUS - ROG Zephyrus G14 14"" QHD IPS Gaming Laptop -  AMD Ryzen 9 4900HS -  16GB - NVIDIA GeForce RTX 2060 Max-Q - 1TB - Eclipse Gray",1999.99,14.0,AMD Ryzen 9
"HP - 15.6"" Touch-Screen Laptop - AMD Ryzen 3 - 8GB Memory - 256GB SSD - Vertical Brushed Pattern, Natural Silver",519.99,15.6,AMD Ryzen 3
"Lenovo - 15.6"" ThinkPad E15 Gen 2 Laptop - Intel Core i5 - 8GB Memory - 256 SSD - Black",879.99,15.6,i5
"ASUS - VivoBook Flip 14 14"" Touch-Screen Laptop - AMD Ryzen 7 - 8GB Memory - 512GB Solid State Drive - Bespoke Black",719.99,14.0,AMD Ryzen 7
"Apple - MacBook Pro 16"" Laptop - Intel Core i7 - 16GB Memory - 512GB SSD - Space Gray",2599.0,16.0,i7
"ASUS - 11.6"" Chromebook - Intel Celeron - 4GB Memory - 32GB eMMC Flash Memory - Gray",237.99,11.6,Intel Celeron
"Apple - MacBook Pro 16"" Display with Touch Bar - Intel Core i9 - 32GB Memory - 2TB SSD - Silver",3699.0,16.0,i9
"MSI - Modern 14"" Laptop - 10th Generation i5-10210U - 8GB Memory - 256GB Solid State Drive - Win10 Pro - Black",699.99,14.0,i5
"Dell - Latitude 7290 12.5"" Refurbished Laptop - Intel Core i7 - 16GB Memory - 512GB SSD - Gray",599.99,12.5,i7
"Dell - Latitude 3000 15.6"" Laptop - Intel Core i5 - 4 GB Memory - 500 GB HDD - Gray",746.99,15.6,i5
"Dell 11 3120 Touchscreen 11.6"" Pre-Owned Chromebook - Intel Celeron N2840 - 4GB Memory - 16GB eMMC - Chrome OS",116.99,11.6,Intel Celeron
"Dell - Latitude 3000 13.3"" Laptop - Intel Core i5 - 8 GB Memory - 256 GB SSD - Black",969.99,13.3,i5
"HP - 14"" FHD Laptop - Intel Core i3-1115G4 - 4GB - 128GB SSD - Silver",457.99,14.0,i3
"Dell - Refurbished Latitude E7470 14"" Laptop - Intel Core i7 - 16GB Memory - 512GB Solid State Drive",669.99,14.0,i7
"HP - Pavilion x360  2-in-1 14"" Touch-Screen Laptop - Intel Core i5-1135G7 - 8GB Memory - 256GB SSD",739.99,14.0,i5
"ASUS - ExpertBook B9 14"" Laptop - Intel Evo Platform - Core i7 - 16GB Memory - 1TB SSD - Star Black",1699.99,14.0,i7
Microsoft - Surface Laptop 4 - 15” Touch-Screen – Intel Core i7 – 16GB Memory - 512GB Solid State Drive (Latest Model) - Matte Black,1799.99,15.0,i7
"HP - Pavilion x360 2-in-1 14"" Touch-Screen Laptop - Intel Core i5 - 8GB Memory - 256GB SSD - Warm Gold",829.99,14.0,i5
"HP - ProBook 14"" Refurbished Laptop - Intel Core i5 - 8GB Memory - 480GB Solid State Drive - Black",452.99,14.0,i5
"ASUS - L410 L410MADB02 14"" Notebook -HD - 1920 x 1080 - Intel Celeron N4020 1.10 GHz - 4 GB RAM - 64 GB Flash Memory",264.99,14.0,Intel Celeron
"Acer - Spin 3 14"" Refurbished Laptop - AMD Ryzen 3 3250U - 4GB Memory - 128GB SSD",330.99,14.0,AMD Ryzen 3
"Apple - Pre-Owned - MacBook Pro 13.3"" Laptop - Intel Core i5 - 8GB Memory - 512GB SSD - Space Gray",799.99,13.3,i5
"Acer Swift 3 13.5"" Refurbished Laptop - Intel i5 - 8GB Memory - 256GB SSD",576.99,13.5,i5
"Apple - Pre-Owned - MacBook Pro 13.3"" Laptop - Intel Core i5 - 4GB Memory - 500GB SSD - Silver",499.99,13.3,i5
"ASUS - ZenBook 14"" Laptop - AMD Ryzen 5 - 8GB Memory - 512GB SSD - Pine Gray",699.99,14.0,AMD Ryzen 5
"MSI - Modern 14""Laptop - Intel Core i7-1165G7 - 16GB Memory - 512GB Solid State Drive - Carbon Gray",1099.99,14.0,i7
"Apple - MacBook Pro 16"" Display with Touch Bar - Intel Core i9 - 64GB Memory - 1TB SSD - Space Gray",3899.0,16.0,i9
"Lenovo - Flex 5 14"" 2-in-1 14"" Touch-Screen Laptop - AMD Ryzen 5 - 8GB Memory - 128GB SSD - Graphite Gray",684.99,14.0,AMD Ryzen 5
"ADATA - XPG Xenia, 15.6-inch Full HD, Laptop, i7-9750H, GeForce GTX 1660 Ti 6GB, 16GB memory, NVMe 512GB",1199.99,15.6,i7
"Dell - Latitude 14"" Refurbished Laptop - Intel Core i5 - 16GB Memory - 512GB SSD - Gray",555.99,14.0,i5
"Dell - Inspiron 5000  15.6"" Laptop - Intel Core i5 - 12GB Memory - 512GB Solid State Drive - Silver",779.99,15.6,i5
"Microsoft - Surface - 13.5""  Refurbished Touch-Screen Laptop 3 - Intel i7-1065G7 - 16GB Memory - 256GB SSD",1099.99,13.5,i7
"Dell - Latitude 14"" Refurbished Laptop - Intel Core i5 - 8GB Memory - 256GB SSD - Black",479.99,14.0,i5
"Lenovo - ThinkPad 14"" Refurbished Laptop - Intel Core i5 - 16GB Memory - 512GB SSD - Black",659.99,14.0,i5
"Microsoft - Surface - 15""  Refurbished Touch-Screen Laptop 3 - AMD Ryzen 5 3580U - 8GB Memory - 128GB SSD",879.99,15.0,AMD Ryzen 5
"Lenovo - IdeaPad Flex 5 14ITL05 14"" Laptop - Intel Core i3 - 8 GB Memory - 256 GB SSD - Platinum Gray",679.99,14.0,i3
"Apple - Pre-Owned -  MacBook Pro 13.3"" Laptop - Intel Core i5 - 8GB Memory - 256GB SSD - Space Gray",849.99,13.3,i5
"Alienware - m15 R3 - 15.6"" Gaming Laptop - Intel Core i7 - 16GB Memory - NVIDIA GeForce RTX 2070  - 1TB SSD - AlienFX RGB Keyboard - Lunar Light",1999.99,15.6,i7
"Razer Book 13.4"" UHD+ Touch Screen Laptop - Intel Evo Platform - Intel Core i7 - 16GB Memory - 512GB SSD - Mercury White - Mercury White",1942.99,13.4,i7
"Dell - Latitude 5000 15.6"" Laptop - Intel Core i5 - 8 GB Memory - 256 GB SSD - Gray",1519.99,15.6,i5
"Acer Predator Triton 300 15.6"" Refurbished Gaming Laptop - Intel i7 - 16GB Memory - NVIDIA GeForce RTX 2070 - 512GB SSD",1250.99,15.6,i7
"HP - ENVY 2-in-1 13"" Touch-Screen Laptop - Intel Evo Platform Core i5 - 8GB Memory - 256GB SSD - Pale Gold",859.99,13.0,i5
"Lenovo - ThinkPad T460 14"" Refurbished Laptop - Intel Core i5 - 16GB Memory - 256GB Solid State Drive - Black",544.99,14.0,i5
"Dell - Latitude 7000 14"" Laptop - Intel Core i5 - 16 GB Memory - 256 GB SSD - Carbon Fiber, Black",1869.99,14.0,i5
"MSI - 15.6"" Mobile Workstation - i7-10750H - 16GB - NVIDIA Quadro P620 - 512GB SSD - WIN10 Pro",1249.99,15.6,i7
"Dell - Chromebook 11 3000 11.6"" Chromebook - Intel Celeron - 4 GB Memory - 16 GB eMMC - Black",249.99,11.6,Intel Celeron
"HP - ENVY X360 2-in-1 15.6"" Refurbished Touch-Screen Laptop -  AMD Ryzen 5 4500U - 8GB Memory - 256GB SSD",639.99,15.6,AMD Ryzen 5
Microsoft - Surface Laptop 4 - 13.5” Touch-Screen – Intel Core i5 - 16GB Memory - 512GB Solid State Drive (Latest Model) - Sandstone,1499.99,13.5,i5
Microsoft - Surface Laptop 4 - 15” Touch-Screen – Intel Core i7 - 32GB Memory - 1TB Solid State Drive (Latest Model) - Matte Black,2399.99,15.0,i7
"Apple - MacBook Pro 16"" Laptop - Intel Core i7 - 32GB Memory - 512GB SSD - Silver",2899.0,16.0,i7
"Microsoft - Geek Squad Certified Refurbished Laptop 3 - 15"" Touch-Screen - AMD Ryzen 5 Surface Edition - 8GB Memory - 128GB SSD - Platinum",629.99,15.0,AMD Ryzen 5
"Lenovo - 15.6"" ThinkPad X1 Extreme Gen 3 Laptop, 16GB Memory, Intel Core i7-10750H, 512 SSD - Midnight Black",2129.0,15.6,i7
"MSI - Modern 14"" Laptop - Full HD - 1920 x 1080, AMD Ryzen 5 4500U, 8 GB RAM - 512 GB SSD",749.99,14.0,AMD Ryzen 5
"Dell - Inspiron 15.6"" FHD Laptop - 11th Gen Intel Core i5 - 8GB Memory - 512GB Solid State Drive - Silver",759.99,15.6,i5
"HP - EliteBook 14"" Refurbished Touch-Screen Laptop - Intel Core i7 - 16GB Memory - 512GB SSD - Silver",744.99,14.0,i7
"HP - ProBook 14"" Refurbished Laptop - Intel Core i5 - 8GB Memory - 512GB Solid State Drive - Black",452.99,14.0,i5
"Apple - MacBook Pro 16"" Display with Touch Bar - Intel Core i9 - 64GB Memory - 4TB SSD - Silver",4899.0,16.0,i9
"Apple - Pre-Owned - MacBook Pro 15"" Retina 2.9GHz i7 16GB / 512GB / Touch Bar - (Late 2016) - Silver",1199.99,15.0,i7
"New!Preowned - Apple - MacBook Air 13.3"" Laptop - Intel Core i5 - 8GB Memory - 256GB SSD - Pre-Owned - Space Gray - Space Gray",739.99,13.3,i5
"Samsung - Geek Squad Certified Refurbished Notebook 7 Spin 2-in-1 15.6"" Touch-Screen Laptop - AMD Ryzen 5 - 8GB Memory - 256GB SSD - Black Garnet",728.99,15.6,AMD Ryzen 5
"MSI - GE75 Raider 17.3"" Gaming Laptop - i7-10750H - 16GB Memory - NVIDIA GeForce RTX 2060 - 512GB SSD + 1TB HDD - Aluminum Black",1299.99,17.3,i7
"New!ASUS - ROG Strix G15 15.6"" Laptop - AMD Ryzen 7 - 16GB Memory - NVIDIA GeForce RTX 3050 Ti - 1TB SSD - Eclipse Gray",1299.99,15.6,AMD Ryzen 7
"ASUS - ZenBook Flip 2-in-1 13.3"" Touch-Screen Laptop - Intel Core i7 - 16GB Memory - 512GB SSD - Pine Gray",1199.99,13.3,i7
"ASUS - ROG Zephyrus M15 15.6"" Gaming Laptop - Intel Core i7 - 16GB Memory - NVIDIA GeForce RTX 2070 Max-Q - 1TB SSD - Prism Gray",1342.99,15.6,i7
"Apple - MacBook Air 13.3"" Laptop with Touch ID - Intel Core i5 - 8GB Memory - 512GB Solid State Drive - Silver",1249.99,13.3,i5
"Acer - Chromebook Spin 713 CP713-2W-3311, 13.5"" 2K  VertiView - Intel Core i3-10110U, 4GB DDR4, 64GB eMMC",529.0,13.5,i3
"Lenovo - Yoga C640 13 2-in-1 13.3"" Touch-Screen Laptop - Intel Core i3 - 8GB Memory - 128GB SSD - Iron Gray",599.99,13.3,i3
"ASUS - ROG Zephyrus G15 15.6"" QHD Laptop - AMD Ryzen 9 - 32GB Memory - NVIDIA GeForce RTX 3080 - 1TB SSD - Moonlight White",2499.99,15.6,AMD Ryzen 9
"ASUS - VivoBook S14 14"" Laptop - Intel Core i7 - 8GB Memory - 512GB SSD - Deep Green/Light Gray",894.99,14.0,i7
"Dell - Precision Mobile Workstation 17.3"" Refurbished Laptop - Intel Core i7 - 32GB Memory - 1TB SSD - Black",969.99,17.3,i7
"Lenovo - Yoga C740 2-in-1 14"" Touch-Screen Laptop - Intel Core i5 - 8GB Memory - 256GB Solid State Drive - Mica",639.99,14.0,i5
"Lenovo Yoga 6 13 2-in-1 13.3"" Touch Screen Laptop - AMD Ryzen 7 - 16GB Memory - 512GB SSD - Abyss Blue Fabric Cover",929.99,13.3,AMD Ryzen 7
"MSI - Creator15 15.6"" Gaming Laptop - Intel Core i7 - 16GB Memory - NVIDIA GeForce RTX 2060 - 512GBSolid State Drive - Space Gray with Silver Diamond cut",1899.99,15.6,i7
"Dell - Latitude 3000 14"" Laptop - Intel Core i5 - 8 GB Memory - 256 GB SSD - Gray",949.99,14.0,i5
"Dell - Refurbished Latitude 5580 15.6"" Laptop - Intel Core i5 - 16GB Memory - 512GB Solid State Drive",578.99,15.6,i5
"Apple - MacBook Air 13.3"" Laptop with Touch ID - Intel Core i3 - 8GB Memory - 256GB Solid State Drive - Silver",949.99,13.3,i3
"Dell - XPS 15.6"" UHD+ Touch Laptop - Intel Core i7 - 16GB Memory - 512GB SSD - NVIDIA GeForce GTX 1650 Ti - White",2349.99,15.6,i7
"Lenovo - 14"" ThinkPad X1 Carbon G9 Laptop - Intel Core i5 - 16GB Memory - 512 SSD - Black",2129.99,14.0,i5
"ASUS - ZenBook Flip 2-in-1 13.3"" Touch-Screen Laptop - Intel Evo Platform - Core i7 - 16GB Memory - 512GB Solid State Drive - Pine Gray",1199.99,13.3,i7
"Razer - Blade 15 Advanced - 15.6"" Gaming Laptop - FHD-360HZ - Intel Core i7 - NVIDIA GeForce RTX 3070 - 16GB RAM - 1TB SSD - Black",2599.99,15.6,i7
"ASUS - VivoBook Flip 14 2-in-1 14"" Touch-Screen Laptop - Intel Celeron - 4GB Memory - 64GB eMMC Flash Memory - Light Gray",324.99,14.0,Intel Celeron
"HP OMEN - 16.1"" Laptop - AMD Ryzen 7 - 16GB Memory - NVIDIA GeForce RTX 3050 Ti - 512GB SSD",1329.99,16.1,AMD Ryzen 7
"HP - 15.6"" Refurbished Laptop - Intel Core i7 - 16GB Memory - 512GB SSD - Black",719.99,15.6,i7
"Apple - Pre-Owned - MacBook Pro 15"" - Core i7 -  16 GB Memory - 512GB Solid State Drive - Space Gray",1299.99,15.0,i7
"ASUS - Chromebook Flip C436 2-in-1 14"" Touchscreen FHD Laptop - i5-10210U 16GB 512GB - Wi-Fi 6  Magnesium Alloy - White - White",999.99,14.0,i5
"Samsung - Galaxy Book Pro 360 15.6"" AMOLED Touch-Screen Laptop - Intel Evo Platform Core i7 - 16GB Memory - 1TB SSD - Mystic Bronze",1499.99,15.6,i7
"HP - ENVY 13.3"" Touch - Screen Laptop - Intel Core i5-1135G7 - 8GB Memory - 256GB SSD",919.99,13.3,i5
"Razer - Blade Stealth 13.3"" Laptop - 11th Gen Intel Core i7 - 16GB Memory - NVIDIA GeForce GTX 1650 Ti - 512GB SSD - Black",1699.99,13.3,i7
"Apple - MacBook Pro 16"" Display with Touch Bar - Intel Core i9 - 16GB Memory - 1TB SSD - Space Gray",2899.0,16.0,i9
"Dell - Latitude 15.6"" Refurbished Laptop - Intel Core i5 - 16GB Memory - 512GB Solid State Drive - Black",820.99,15.6,i5
Microsoft - Surface Laptop 4 - 13.5” Touch-Screen – Intel Core i7 - 16GB Memory - 512GB Solid State Drive (Latest Model) - Matte Black,1699.99,13.5,i7
"Acer - Refurbished Chromebook 315 15.6"" - Intel Celeron N4020 - 4GB Ram 64GB Solid State Drive - Black",249.99,15.6,Intel Celeron
"Razer - Blade 15.6"" Gaming Laptop - Intel Core i7 - 16GB Memory - NVIDIA GeForce RTX 2080 SUPER - 1TB SSD - Black",2499.99,15.6,i7
"Apple - MacBook 12"" Retina Display - Intel Core i5 - 8GB Memory - 512GB Flash Storage - Gold",1311.99,12.0,i5
Geo - GeoBook 120 12.5-inch HD Laptop - Intel Celeron Dual Core Processor - 4GB Memory - 64GB eMMC - Blue,219.99,12.5,Intel Celeron
"Apple - MacBook Pro 16"" Display with Touch Bar - Intel Core i9 - 64GB Memory - 1TB SSD - Space Gray",3699.0,16.0,i9
"Razer - Blade 15 Advanced - 15.6"" 4K OLED Touch Laptop - Intel Core i7 - 16GB Memory - NVIDIA GeForce RTX 2080 SUPER - 1TB SSD - Black",2999.99,15.6,i7
"Apple - MacBook Pro 16"" Display with Touch Bar - Intel Core i7 - 32GB Memory - 512GB SSD - Space Gray",2999.0,16.0,i7
"Lenovo - 14"" ThinkPad P14s Gen 2 Laptop - 16GB Memory - Intel Core i7-1165G7 - 512GB SSD - Black",1969.99,14.0,i7
"Dell - Inspiron 17.3"" 7000 2-in-1 Touch-Screen Laptop - Intel Core i7 - 16GB Memory - GeForce MX250 - 512GB SSD + 32GB Optane - Silver",1214.99,17.3,i7
"Dell - Latitude 14"" Refurbished Laptop - Intel Core i5 - 8GB Memory - 500GB Hard Drive - Black",337.99,14.0,i5
"HP - 14"" Touch-Screen Laptop - Intel Celeron - 4GB Memory - 64GB eMMC - Pale Rose Gold",251.99,14.0,Intel Celeron
"MSI - Prestige 14"" Notebook - Intel® Evo™ Platform Core i5-1135G7 - 16GB Intel Iris Xe Graphics 512GB SSD - Carbon Gray - Carbon Gray",949.99,14.0,i5
"Apple - MacBook Pro 16"" Display with Touch Bar - Intel Core i9 - 64GB Memory - 2TB SSD - Silver",4099.0,16.0,i9
"ADATA - XPG Xenia 15.6"" Intel i7-9750H  RTX 2070 Max-Q 16GB, 512GB SSD  Gaming Laptop",1279.99,15.6,i7
"Lenovo - Yoga C940 2-in-1 14"" Touch-Screen Laptop - Intel Core i7 - 12GB Memory - 512GB Solid State Drive - Iron Gray",909.99,14.0,i7
"Dell - XPS 13.4"" 2-in-1 FHD+ WLED Touch Display -  Intel Evo Platform Core i7 - 8GB Memory - 256GB SSD- Intel Iris Xe - Frost exterior, arctic white interior",1429.99,13.4,i7
"Apple - MacBook Pro 16"" Display with Touch Bar - Intel Core i9 - 16GB Memory - 1TB SSD - Silver",2899.0,16.0,i9
"Apple - MacBook Pro 16"" Display with Touch Bar - Intel Core i9 - 64GB Memory - 512GB SSD - Silver",3699.0,16.0,i9
"Razer - Blade Stealth 13.3"" Laptop - 11th Gen Intel Core i7 - OLED - 16GB Memory - NVIDIA GeForce GTX 1650 Ti - 512GB SSD - Black",1999.99,13.3,i7
"Apple - Pre-Owned - MacBook Pro 13.3""  Laptop - Intel Core i5 - 8GB Memory - 500GB Hard Drive - Silver",599.99,13.3,i5
"Apple - Pre-Owned - MacBook Pro 13.3""  Laptop - Intel Core i5 - 8GB Memory - 256GB Flash Storage - Silver",629.99,13.3,i5
"Apple - Pre-Owned - MacBook Pro 13.3"" Grade B Laptop - Intel Core i5 - 4GB Memory - 500GB Hard Drive - Silver",449.99,13.3,i5
"Lenovo - IdeaPad 3 15ITL06 15.6"" Laptop - Intel Core i7 - 8 GB Memory - 256 GB SSD - Arctic Gray",819.99,15.6,i7
"HP - 14"" Chromebook - Intel Celeron  N4000 - 4GB - 32GB eMMC",319.99,14.0,Intel Celeron
"Apple - MacBook Pro 16"" Display with Touch Bar - Intel Core i7 - 32GB Memory - 1TB SSD - Silver",2999.0,16.0,i7
"Dell - Latitude 7000 14"" Laptop - Intel Core i5 - 8 GB Memory - 256 GB SSD - Aluminum Titan Gray",1679.99,14.0,i5
"Apple - MacBook Pro 16"" Display with Touch Bar - Intel Core i9 - 16GB Memory - 4TB SSD - Silver",3899.0,16.0,i9
"Lenovo - 15.6"" Legion 5 Gaming Laptop - 16GB Memory -Intel Core i7 - 1TB Hard Drive",1639.99,15.6,i7
"Dell - Latitude 15.6"" Laptop - Intel Core i5 - 8GB Memory - 240GB Solid State Drive - Pre-Owned - Black",439.99,15.6,i5
"Lenovo - ThinkPad 14"" Refurbished Laptop - Intel Core i5 - 8GB Memory - 500GB Solid State Drive - Black",449.99,14.0,i5
"Dell - Latitude 5000 15.6"" Laptop - Intel Core i5 - 16 GB Memory - 256 GB SSD - Gray",1649.99,15.6,i5
"Dell - Latitude E7270 12.5"" Refurbished Laptop - Intel Core i5 - 16GB Memory - 256GB SSD",469.99,12.5,i5
"HP - ProBook 640 G1 14"" Refurbished Laptop - Intel Core i5 4300M - 8GB Memory - 500GB HDD",357.99,14.0,i5
"Dell - Latitude 14"" Refurbished Laptop - Intel Core i5 - 4GB Memory - 320GB Hard Drive - Gray",255.99,14.0,i5
"MSI - Prestige 14"" Laptop - Intel Core i7-1185G7 - 16GB Memory - 1TB Solid State Drive - Pure White",1399.99,14.0,i7
"HP - Refurbished EliteBook x360 1030 G2 13.3"" Touch-Screen Laptop - Intel Core i7 - 8GB Memory - 512GB Solid State Drive",739.99,13.3,i7
Acer - Chromebook Spin 514 – Convertible - 14” Full HD Touch – AMD Ryzen 5 – 8GB DDR4 – 128GB eMMC – HDMI – Mist Green,629.0,14.0,AMD Ryzen 5
"ASUS - ExpertBook B9 14"" Laptop - Intel Core i7 - 16GB Memory - 512GB SSD - Star Black",1699.99,14.0,i7
"ASUS - Flip CM5 2-in-1 15.6"" Touch-Screen Chromebook - AMD Ryzen 3 - 4GB Memory - 64GB eMMC Flash Memory - Mineral Gray",499.99,15.6,AMD Ryzen 3
"Apple - Pre-Owned - MacBook Pro - 13"" Display - Intel Core i5 - 8 GB Memory - 128GB Flash Storage - Space Gray",669.99,13.0,i5
"Dell - Latitude 14"" Refurbished Laptop - Intel Core i5 - 8GB Memory - 240GB Solid State Drive - Black",379.99,14.0,i5
"Acer Chromebook Spin 311 11.6"" Refurbished Chromebook - Intel Celeron - 4GB Memory - 32GB eMMC - Chrome OS",223.99,11.6,Intel Celeron
"Dell - Latitude 14"" Refurbished Touch-Screen Laptop - Intel Core i7 - 16GB Memory - 512GB SSD - Black",689.99,14.0,i7
Acer - Chromebook Spin 514 – Convertible - 14” Full HD Touch – AMD Ryzen 3 – 8GB DDR4 – 64GB eMMC – Mist Green,559.0,14.0,AMD Ryzen 3
"Apple - MacBook Pro 16"" Display with Touch Bar - Intel Core i7 - 32GB Memory - 2TB SSD - Space Gray",3399.0,16.0,i7
"Dell - Latitude 12.5"" Refurbished Laptop - Intel Core i7 - 16GB Memory - 512GB SSD - Black",628.99,12.5,i7
"Dell - Latitude 12.5"" Laptop - Intel Core i5 - 8GB Memory - 256GB Solid State Drive - Pre-Owned - Black",389.99,12.5,i5
"Apple - MacBook Pro 16"" Display with Touch Bar - Intel Core i7 - 64GB Memory - 2TB SSD - Space Gray",3999.0,16.0,i7
"Apple - Pre-Owned - MacBook Pro 13.3""  Laptop - Intel Core i5 - 8GB Memory - 128GB Solid State Drive - Silver",799.99,13.3,i5
"Dell - Latitude 14"" Refurbished Laptop - Intel Core i5 - 8GB Memory - 512GB SSD - Gray",452.99,14.0,i5
"Acer - CN315-71P 15.6"" Laptop - Intel Core i5 - 16 GB Memory - NVIDIA Quadro T1000 - 512 GB SSD - White",1488.99,15.6,i5
MSI - Summit 14” Laptop - i7-1185G7 - 16GB Memory - 1TB SSD,1788.99,14.0,i7
"New!Hyundai - 14.1"" Thinnote-A Laptop - Intel Celeron - 4GB Memory - 64GB eMMC - Black",229.99,14.1,Intel Celeron
"Lenovo N23 11.6"" Pre-Owned Chromebook - Intel Celeron N3060 - 4GB Memory - 16GB eMMC - Chrome OS",121.99,11.6,Intel Celeron
"Apple - Pre-Owned - MacBook Air - 13""  - Core i5 - 8GB Memory - 128GB Solid State Drive - Silver",799.99,13.0,i5
"Lenovo - 13"" ThinkPad X1 Nano Gen1 Laptop - Intel Core i7 - 15GB Memory - 512 SSD - Black",2019.99,13.0,i7
"Apple - MacBook Pro 16"" Display with Touch Bar - Intel Core i9 - 32GB Memory - 8TB SSD - Space Gray",5499.0,16.0,i9
"Lenovo - ThinkPad 15.6"" Refurbished Laptop - Intel Core i7 - 32GB Memory - 512GB SSD",1129.99,15.6,i7
"New!Lenovo - IdeaPad 3 15ITL6 15.6"" Laptop - Intel Core i5 - 8 GB Memory - 256 GB SSD - Abyss Blue",749.99,15.6,i5
"Dell - Latitude 3000 13.3"" Laptop - Intel Core i5 - 8 GB Memory - 128 GB SSD - Black",1026.99,13.3,i5
"Lenovo - 15.6"" ThinkPad T15g Gen 1 Laptop - 16GB Memory - Intel Core i7 - 512GB Hard Drive",2149.99,15.6,i7
"Dell - Latitude 3410 14"" Laptop - i5-10210U - 8GB Memory - Intel UHD Graphics - 256GB Solid State Drive",869.99,14.0,i5
Microsoft - Surface Laptop 4 - 13.5” Touch-Screen – Intel Core i7 - 32GB Memory - 1TB Solid State Drive (Latest Model) - Matte Black,2299.99,13.5,i7
"ASUS - 15.6"" Chromebook - Intel Celeron - 4GB Memory - 32GB eMMC Flash Memory - Silver",255.99,15.6,Intel Celeron
"Alienware x17 R1  17.3"" 360Hz FHD Gaming Laptop - Intel Core i7 - 16GB Memory - NVIDIA GeForce RTX 3070 - 1TB SSD - White",2549.99,17.3,i7
"Lenovo - Yoga C940 2-in-1 14"" Touch-Screen Laptop - Intel Core i7 - 12GB Memory - 512GB SSD - Mica",1349.99,14.0,i7
"Apple - MacBook Pro 16"" Display with Touch Bar - Intel Core i9 - 32GB Memory - 2TB SSD - Silver",3599.0,16.0,i9
"Apple - MacBook Pro 16"" Display with Touch Bar - Intel Core i9 - 64GB Memory - 2TB SSD - Space Gray",4199.0,16.0,i9
"Apple - MacBook Pro 16"" Display with Touch Bar - Intel Core i7 - 32GB Memory - 512GB SSD - Silver",2799.0,16.0,i7
"MSI - Modern 14""Laptop - Intel Core i7-1165G7 - 8GB Memory - 512GB Solid State Drive - Beige Mousse",841.99,14.0,i7
"Apple - Pre-Owned - MacBook Pro 13.3"" Laptop - Intel Core i5 - 8GB Memory - 500GB SSD - Silver",529.99,13.3,i5
"Lenovo - Yoga 9i 14 2-in-1 14"" Touch-Screen Laptop - Intel Evo Platform Core i7 - 16GB Memory - 512GB SSD - Mica",1710.99,14.0,i7
"Apple - MacBook Pro 16"" Display with Touch Bar - Intel Core i9 - 64GB Memory - 1TB SSD - Silver",3599.0,16.0,i9
"Apple - MacBook Pro 16"" Display with Touch Bar - Intel Core i7 - 16GB Memory - 1TB SSD - Space Gray",2699.0,16.0,i7
"Hyundai - 14.1"" Thinnote-A Laptop - Intel Celeron - 4GB Memory - 64GB eMMC - Expandable 2.5"" SATA HDD Slot - Silver",229.99,14.1,Intel Celeron
"ASUS - 14"" Chromebook - Intel Celeron - 4GB Memory - 32GB eMMC Flash Memory - Silver",255.99,14.0,Intel Celeron
"Acer - Spin 5 13.5"" Refurbished Laptop - Intel Core i7 - 16GB Memory - 512GB SSD",854.99,13.5,i7
"Apple - MacBook Pro 16"" Display with Touch Bar - Intel Core i7 - 16GB Memory - 1TB SSD - Silver",2599.0,16.0,i7
"Apple - MacBook Pro 16"" Laptop - Intel Core i9 - 64GB Memory - 2TB SSD - Silver",4299.0,16.0,i9
"Microsoft - Geek Squad Certified Refurbished Surface 3 15"" Touch-Screen Laptop - AMD Ryzen 5 - 8GB Memory - 256GB SSD - Matte Black",1214.99,15.0,AMD Ryzen 5
"Apple - MacBook Pro 16"" Display with Touch Bar - Intel Core i9 - 32GB Memory - 1TB SSD - Silver",3399.0,16.0,i9
"Apple - Pre-Owned - MacBook Air 13.3""  Laptop - Intel Core i5 - 8GB Memory - 128GB Flash Storage - Silver",589.99,13.3,i5
"Apple - MacBook Pro 16"" Display with Touch Bar - Intel Core i7 - 64GB Memory - 512GB SSD - Space Gray",3199.0,16.0,i7
"Apple - MacBook Pro 16"" Laptop - Intel Core i9 - 32GB Memory - 4TB SSD - Silver",4499.0,16.0,i9
"Lenovo - 15.6"" ThinkPad X1 Extreme Gen 3 Laptop, 16GB Memory, Intel Core i9-10885H, 1TB - Midnight Black",3429.0,15.6,i9
"Apple - MacBook Pro 16"" Display with Touch Bar - Intel Core i7 - 32GB Memory - 512GB SSD - Space Gray",2899.0,16.0,i7
"Apple - MacBook Pro 16"" Display with Touch Bar - Intel Core i7 - 16GB Memory - 2TB SSD - Silver",2999.0,16.0,i7
"Acer - Chromebook Spin 713 Refurbished 13.5"" Chromebook - Intel i5 10210U - 8GB Memory 128GB Solid State Drive",484.99,13.5,i5
"Apple - MacBook Pro 16"" Display with Touch Bar - Intel Core i9 - 64GB Memory - 1TB SSD - Silver",3899.0,16.0,i9
"Apple - MacBook Pro 16"" Display with Touch Bar - Intel Core i9 - 64GB Memory - 1TB SSD - Silver",3799.0,16.0,i9
"Lenovo - 15.6"" ThinkPad P15s Gen2 Laptop - 16GB Memory - Intel Core i7-1165G7 - 512GB SSD - Black",1919.99,15.6,i7
"Apple - MacBook Pro 16"" Laptop - Intel Core i9 - 64GB Memory - 4TB SSD - Space Gray",4699.0,16.0,i9
"Apple - MacBook Pro 16"" Display with Touch Bar - Intel Core i9 - 16GB Memory - 1TB SSD - Space Gray",3099.0,16.0,i9
"Dell - Geek Squad Certified Refurbished Inspiron 13.3"" 7000 Laptop - Intel Core i5 - 8GB Memory - 512GB SSD + 32GB Optane - Silver",650.99,13.3,i5
"HP - 17.3"" Laptop - Intel Core i5 - 8GB Memory - 256GB SSD",629.99,17.3,i5
"Apple - MacBook Pro 16"" Display with Touch Bar - Intel Core i9 - 64GB Memory - 4TB SSD - Space Gray",4599.0,16.0,i9
"Apple - MacBook Pro 16"" Display with Touch Bar - Intel Core i9 - 32GB Memory - 512GB SSD - Space Gray",3099.0,16.0,i9
"Apple - Pre-Owned - MacBook Pro 13.3"" Grade B Laptop - Intel Core i5 - 16GB Memory - 500GB Hard Drive - Silver",499.99,13.3,i5
"Lenovo - Yoga 9i 15"" 2-in-1 Touch-Screen Laptop - Intel Core i7 - 12GB Memory - NVIDIA GeForce GTX 1650Ti - 512GB SSD - Slate Gray",1749.99,15.0,i7
"Apple - MacBook Pro 16"" Laptop - Intel Core i9 - 64GB Memory - 8TB SSD - Space Gray",5899.0,16.0,i9
"Dell - Latitude 14"" Refurbished Laptop - Intel Core i7 - 8GB Memory - 256GB Solid State Drive - Black",569.99,14.0,i7
"Lenovo Yoga 6 13 2-in-1 13.3"" Touch Screen Laptop - AMD Ryzen 5 - 8GB Memory - 512GB SSD - Abyss Blue Fabric Cover",819.99,13.3,AMD Ryzen 5
"MSI - Modern 14"" Ultrabook Laptop - i3 1115G4 - 8GB Memory - Intel Iris Xe - 512GB Solid State Drive - Carbon Gray",659.99,14.0,i3
"Apple - Pre-Owned - Macbook Pro® 13.3""Laptop - Intel Core i5 - 16GB Memory - 500GB Hard Drive - Silver",679.99,13.3,i5
"Dell - Refurbished 12.5"" Laptop - Intel Core i7 - 16GB Memory - 512GB Solid State Drive - Gray",601.99,12.5,i7
"Apple - Pre-Owned - Macbook Pro - 13"" - Intel Core i5 8GB Memory -  512GB SSD - Space Gray",999.99,13.0,i5
"Lenovo - Yoga 9i 14 2-in-1 14"" Touch-Screen Laptop - Intel Evo Platform Core i7 - 16GB Memory - 512GB SSD - Shadow Black",1610.99,14.0,i7
"Dell 11 3180 11.6"" Pre-Owned Chromebook - Intel Celeron N3060 - 4GB Memory - 16GB eMMC - Chrome OS",131.99,11.6,Intel Celeron
"MSI - Prestige 14"" Notebook - Intel® Evo™ Platform Core i7-1185G7 - 16GB Intel Iris Xe Graphics 512GB SSD - Carbon Gray - Carbon Gray",1049.99,14.0,i7
"MSI - Stealth 15.6"" Gaming Laptop - i7-1185G7 - 16GB Memory - NVIDIA GeForce GTX 1660 Ti Max-Q - 512GB SSD",1298.99,15.6,i7
"Acer - Chromebook 314 14"" Refurbished Chromebook - Intel Celeron - 4GB Memory - 32GB eMMC - Chrome OS",182.99,14.0,Intel Celeron
"HP - Refurbished EliteBook 640 G2 14"" Laptop - Intel Core i5 - 16GB Memory - 256GB Solid State Drive - Black",452.99,14.0,i5
"HP - 14"" Chromebook - Intel Celeron N4000 - 4GB - 32GB eMMC",319.99,14.0,Intel Celeron
"Apple - Pre-Owned - MacBook Pro - 13"" Display - Intel Core i5 - 8 GB Memory - 256GB Flash Storage - Silver",689.99,13.0,i5
"Apple - Pre-Owned - 15.4""Laptop - Intel Core i7 - 16GB Memory - NVIDIA GeForce GT 750M - 512GB Solid State Drive - Silver",829.99,15.4,i7
"Acer - Spin 11 2-in-1 11.6"" Touch-Screen Chromebook - Intel Celeron - 4GB Memory - 32GB eMMC Flash Memory - Obsidian Black",251.99,11.6,Intel Celeron
"Thomson - Neo 14.1"" Laptop - Intel Core i3 - 4GB Memory - 128GB SSD - Silver",329.99,14.1,i3
"Apple - MacBook Pro 16"" Laptop - Intel Core i9 - 16GB Memory - 512GB SSD - Silver",2899.0,16.0,i9
"Apple - MacBook Pro 16"" Display with Touch Bar - Intel Core i7 - 32GB Memory - 512GB SSD - Silver",2999.0,16.0,i7
"MSI - Modern 15.6"" Laptop - i3-10110U - 8GB Memory - 512GB SSD",599.99,15.6,i3
"Apple - MacBook Pro 16"" Laptop - Intel Core i7 - 16GB Memory - 1TB SSD - Silver",2799.0,16.0,i7
"Microsoft - Surface Laptop 3 - 13.5"" Touch-Screen - Intel Core i7 - 16GB Memory - 1TB Solid State Drive - Matte Black",2399.99,13.5,i7
"Microsoft - Geek Squad Certified Refurbished Surface Book 2 - 13.5"" Touch-Screen Laptop - Intel Core i7 - 16GB Memory - 512GB SSD - Silver",708.99,13.5,i7
"Apple - MacBook Pro 16"" Display with Touch Bar - Intel Core i9 - 64GB Memory - 2TB SSD - Space Gray",3999.0,16.0,i9
"Apple - MacBook Pro 16"" Display with Touch Bar - Intel Core i9 - 16GB Memory - 2TB SSD - Silver",3199.0,16.0,i9
"Apple - Pre-Owned - MacBook Air 13.3"" Laptop - Intel Core i5 - 4GB Memory - 128GB Flash Storage - Silver",459.99,13.3,i5
"Apple - Pre-Owned - MacBook Pro 15.4""  Laptop - Intel Core i7 - 8GB Memory - 256GB Solid State Drive - Silver",599.99,15.4,i7
"HP 11 G5 11.6"" Pre-Owned Chromebook - Intel Celeron N3060 - 4GB Memory - 16GB eMMC - Chrome OS",141.99,11.6,Intel Celeron
"Apple - MacBook Pro 15.4"" Display with Touch Bar - Intel Core i7 - 32GB Memory - AMD Radeon Pro 560X - 1TB SSD - Silver",3099.99,15.4,i7
"Apple - Pre-Owned - MacBook Pro 13"" - Core i5 - 8GB Memory - 128GB Solid State Drive - Space Gray",889.99,13.0,i5
"Dell - Latitude 5000 14"" Laptop - Intel Core i5 - 8 GB Memory - 256 GB SSD - Gray",1613.99,14.0,i5
"Apple - MacBook Pro 16"" Laptop - Intel Core i9 - 64GB Memory - 4TB SSD - Silver",4599.0,16.0,i9
"Apple - MacBook Air 13.3"" Laptop with Touch ID - Intel Core i5 - 16GB Memory - 512GB Solid State Drive - Space Gray",1699.99,13.3,i5
"Apple - MacBook Pro 16"" Display with Touch Bar - Intel Core i7 - 32GB Memory - 1TB SSD - Space Gray",3199.0,16.0,i7
"Apple - MacBook Pro - 13"" Display with Touch Bar - Intel Core i5 - 8GB Memory - 512GB SSD - Space Gray",1949.99,13.0,i5
"Apple - MacBook Pro 16"" Laptop - Intel Core i9 - 32GB Memory - 2TB SSD - Space Gray",3699.0,16.0,i9
"Apple - MacBook Pro 16"" Display with Touch Bar - Intel Core i9 - 32GB Memory - 1TB SSD - Silver",3499.0,16.0,i9
"Apple - MacBook Pro 16"" Display with Touch Bar - Intel Core i9 - 64GB Memory - 2TB SSD - Space Gray",4099.0,16.0,i9
"ADATA - XPG Xenia Xe, 15.6-inch Full HD Laptop, Intel® Core TM i7-1165G7  1TB SSD, 16GB memory, NVMe - Silver",1599.99,15.6,i7
"Dell - Refurbished Latitude E5470 14"" Laptop - Intel Core i5 - 16GB Memory - 512GB Solid State Drive",498.99,14.0,i5
"Apple - MacBook Pro 16"" Laptop - Intel Core i9 - 64GB Memory - 4TB SSD - Silver",4799.0,16.0,i9
"Apple - MacBook Pro 16"" Display with Touch Bar - Intel Core i7 - 16GB Memory - 1TB SSD - Silver",3199.0,16.0,i7
"Samsung - Geek Squad Certified Refurbished ATIV Book 9 Spin 13.3"" Touch-Screen Laptop - Intel Core i7 - 8GB Memory - 256GB SSD - Pure Black",1199.99,13.3,i7
"Apple - MacBook Pro 16"" Laptop - Intel Core i7 - 32GB Memory - 2TB SSD - Silver",3399.0,16.0,i7
"Dell - Latitude 14"" Refurbished Laptop - Intel Core i5 - 8GB Memory - 256GB SSD - Black",409.99,14.0,i5
"MSI - Summit  14"" Touchscreen Laptop - i7-1185G7 - 32GB Memory - 1TB SSD",1699.99,14.0,i7
"Apple - MacBook Pro 16"" Display with Touch Bar - Intel Core i9 - 64GB Memory - 4TB SSD - Silver",4699.0,16.0,i9
"Dell - Refurbished Latitude E7470 14"" Laptop - Intel Core i5 - 16GB Memory - 256GB Solid State Drive",519.99,14.0,i5
"Apple - MacBook Pro 16"" Display with Touch Bar - Intel Core i9 - 64GB Memory - 1TB SSD - Silver",3699.0,16.0,i9
LG - gram 15.6” i7 Processor Ultra-Slim Laptop - Black,1899.99,15.6,i7
"Apple - Pre-Owned - Macbook Pro 13.3"" Laptop - Intel Core i5 -  8GB Memory - 128GB Solid State Drive - Silver",609.99,13.3,i5
"Apple - MacBook Pro 16"" Display with Touch Bar - Intel Core i9 - 64GB Memory - 2TB SSD - Silver",4199.0,16.0,i9
"Dell - Latitude 15.6"" Laptop - Intel Core i5 - 8GB Memory - 500GB Solid State Drive - Pre-Owned - Black",469.99,15.6,i5
"Dell - Refurbished Latitude 7280 12.5"" Laptop - Intel Core i5 - 8GB Memory - 512GB SSD",449.99,12.5,i5
"Apple - MacBook Pro 16"" Laptop - Intel Core i9 - 32GB Memory - 2TB SSD - Silver",3699.0,16.0,i9
"Apple - MacBook Pro 16"" Display with Touch Bar - Intel Core i9 - 32GB Memory - 2TB SSD - Space Gray",3699.0,16.0,i9
"Dell - Latitude 14"" Refurbished Laptop - Intel Core i5 - 4GB Memory - 128GB Solid State Drive - Gray",266.99,14.0,i5
"HP - ProBook 14"" Refurbished Laptop - Intel Core i5 - 8GB Memory - 256GB Solid State Drive - Black",417.99,14.0,i5
"Apple - Pre-Owned - MacBook Air - 13.3"" Retina Display - Intel Core i5 - 8GB Memory - 128GB Flash Storage - Silver",699.99,13.3,i5
"Microsoft - Geek Squad Certified Refurbished Surface Book 2 - 13.5"" Touch-Screen Laptop - Intel Core i7 - 8GB Memory - 256GB SSD - Platinum",1619.99,13.5,i7
"Apple - MacBook Pro 16"" Display with Touch Bar - Intel Core i7 - 64GB Memory - 512GB SSD - Space Gray",3399.0,16.0,i7
"Apple - MacBook Pro 16"" Display with Touch Bar - Intel Core i9 - 32GB Memory - 2TB SSD - Silver",3899.0,16.0,i9
"Apple - MacBook Pro 16"" Laptop - Intel Core i7 - 64GB Memory - 512GB SSD - Silver",3199.0,16.0,i7
"Apple - MacBook Pro 16"" Display with Touch Bar - Intel Core i7 - 32GB Memory - 2TB SSD - Space Gray",3599.0,16.0,i7
"Apple - MacBook Pro 16"" Display with Touch Bar - Intel Core i9 - 32GB Memory - 4TB SSD - Space Gray",4499.0,16.0,i9
"Apple - MacBook Pro 16"" Laptop - Intel Core i7 - 64GB Memory - 512GB SSD - Silver",3299.0,16.0,i7
"Apple - MacBook Pro 16"" Display with Touch Bar - Intel Core i9 - 64GB Memory - 512GB SSD - Space Gray",3699.0,16.0,i9
"Dell - Latitude 14"" Refurbished Laptop - Intel Core i5 - 8GB Memory - 480GB Solid State Drive - Black",409.99,14.0,i5
"Apple - MacBook Pro 16"" Display with Touch Bar - Intel Core i9 - 16GB Memory - 2TB SSD - Space Gray",3056.99,16.0,i9
"Apple - MacBook Pro 16"" Display with Touch Bar - Intel Core i9 - 16GB Memory - 1TB SSD - Silver",3099.0,16.0,i9
"Apple - MacBook Pro 16"" Display with Touch Bar - Intel Core i9 - 16GB Memory - 2TB SSD - Silver",3299.0,16.0,i9
"Apple - MacBook Pro 16"" Display with Touch Bar - Intel Core i9 - 32GB Memory - 2TB SSD - Space Gray",3799.0,16.0,i9
"ASUS - Geek Squad Certified Refurbished 15.6"" Laptop - AMD Ryzen 7 - 16GB Memory - NVIDIA GeForce GTX 1660 Ti Max-Q - 512GB SSD - Metalic Hairline Black",971.99,15.6,AMD Ryzen 7
"Apple - MacBook Pro 16"" Display with Touch Bar - Intel Core i9 - 32GB Memory - 4TB SSD - Space Gray",4199.0,16.0,i9
"Apple - MacBook Pro 16"" Laptop - Intel Core i9 - 32GB Memory - 4TB SSD - Silver",4299.0,16.0,i9
"Dell - Latitude 7480 14"" Refurbished Laptop - Intel Core i5 - 16GB Memory - 512GB SSD - Gray",559.99,14.0,i5
"Lenovo - 14"" ThinkPad T14 Gen 1 Laptop - 8GB Memory - AMD Ryzen 5 PRO - 256GB Hard Drive",1199.99,14.0,AMD Ryzen 5
"Apple - MacBook Pro 16"" Laptop - Intel Core i9 - 16GB Memory - 2TB SSD - Space Gray",3399.0,16.0,i9
"Apple - MacBook Pro 16"" Display with Touch Bar - Intel Core i9 - 16GB Memory - 512GB SSD - Silver",2799.0,16.0,i9
"Lenovo - 14"" ThinkPad X1 Yoga Laptop - 8GB Memory - Intel Core i5 - 256GB Hard Drive",1549.0,14.0,i5
"Apple - MacBook Pro 16"" Display with Touch Bar - Intel Core i9 - 64GB Memory - 8TB SSD - Silver",5899.0,16.0,i9
"Dell - Inspiron 2-in-1 14"" Touch-Screen Laptop - Intel Core i7 - 8GB Memory - 256GB SSD - Titan Gray",889.99,14.0,i7
"Samsung - Galaxy Book Ion 15.6"" Laptop - Intel Core i7 - 8GB Memory - 512GB SSD - Aura Silver",1299.99,15.6,i7
Dell - Inspiron 15 3593- 15.6” HD Touch Screen Laptop - Intel Core i7 - 12GB Memory - 512GB SSD - Black,799.99,15.6,i7
"ASUS - ROG Zephyrus Duo 15 15.6"" 4K Ultra HD Laptop - Intel Core i9 - 32GB Memory - NVIDIA GeForce RTX 2080 SUPER - 2TB SSD - Gunmetal Gray",3699.99,15.6,i9
"Dell - Inspiron 15.6"" Touch-Screen Laptop - Intel Core i7 - 16GB Memory - 512GB SSD - Silver",959.99,15.6,i7
"Dell - Inspiron 15.6"" Laptop - Intel Core i7 - 8GB Memory - 1TB HDD - Black",659.99,15.6,i7
"Dell - Latitude 14"" Refurbished Laptop - Intel Core i5 - 16GB Memory - 512GB SSD - Black",521.99,14.0,i5
"Apple - MacBook Pro 16"" Laptop - Intel Core i7 - 64GB Memory - 2TB SSD - Space Gray",3899.0,16.0,i7
"Dell - Latitude 5000 13.3"" Laptop - Intel Core i5 - 8 GB Memory - 256 GB SSD - Black",1419.99,13.3,i5
"Alienware - Geek Squad Certified Refurbished 17.3"" Gaming Laptop - I i7 - 16GB Memory - NVIDIA RTX2070 - 1TB HDD+512GB SSD - Epic Silver",1727.99,17.3,i7
"Samsung - Geek Squad Certified Refurbished Galaxy Book Flex Alpha 13.3"" QLED Laptop - Intel Core i5 - 8GB Memory - 256GB SSD - Royal Silver",611.99,13.3,i5
"HP - Geek Squad Certified Refurbished Pavilion x360 2-in-1 14"" Touch-Screen Laptop - Intel Core i5 - 8GB Memory - 128GB SSD - Anodized Finish In Warm Gold And Luminous Gold",503.99,14.0,i5
"Lenovo - Geek Squad Certified Refurbished Yoga 730 2-in-1 13.3"" Touch-Screen Laptop - Intel Core i5 - 8GB Memory - 256GB SSD - Platinum",635.99,13.3,i5
"Apple - MacBook Pro 16"" Display with Touch Bar - Intel Core i9 - 64GB Memory - 512GB SSD - Silver",3499.0,16.0,i9
"Apple - MacBook Pro 16"" Display with Touch Bar - Intel Core i9 - 64GB Memory - 8TB SSD - Space Gray",5899.0,16.0,i9
"Apple - MacBook Pro 16"" Laptop - Intel Core i7 - 16GB Memory - 8TB SSD - Space Gray",4899.0,16.0,i7
"MSI - Modern  15.6"" Laptop - i5-10210U - 8GB Memory - 256GB SSD",749.99,15.6,i5
"Apple - MacBook Pro 16"" Display with Touch Bar - Intel Core i7 - 32GB Memory - 8TB SSD - Space Gray",5199.0,16.0,i7
"Apple - MacBook Pro 16"" Display with Touch Bar - Intel Core i7 - 64GB Memory - 4TB SSD - Silver",4399.0,16.0,i7
"Apple - MacBook Pro 16"" Display with Touch Bar - Intel Core i7 - 16GB Memory - 1TB SSD - Space Gray",2799.0,16.0,i7
"Lenovo - Yoga 9i 14 2-in-1 14"" Touch-Screen Laptop - Intel Evo Platform Core i7 - 8GB Memory - 256GB SSD - Shadow Black",1199.99,14.0,i7
"Apple - MacBook Pro 16"" Display with Touch Bar - Intel Core i7 - 64GB Memory - 1TB SSD - Space Gray",3399.0,16.0,i7
"Lenovo - 14"" ThinkPad T14s Gen 1 Laptop - 8GB Memory - Intel Core i7 - 256GB Hard Drive",1649.99,14.0,i7
"Apple - MacBook Pro 16"" Laptop - Intel Core i7 - 16GB Memory - 2TB SSD - Space Gray",3099.0,16.0,i7
"Apple - MacBook Pro - 13"" Display with Touch Bar - Intel Core i7 - 16GB Memory - 512GB SSD - Space Gray",3299.99,13.0,i7
"Apple - MacBook Pro 16"" Laptop - Intel Core i7 - 16GB Memory - 1TB SSD - Silver",2699.0,16.0,i7
"Apple - MacBook Pro 16"" Laptop - Intel Core i9 - 32GB Memory - 512GB SSD - Silver",3299.0,16.0,i9
"MSI - Prestige 14 EVO 14"" FHD Laptop - i5-1135G7 - 16GB Memory - IrisXe - 512GB SSD - Win10Home",1099.99,14.0,i5
"Apple - MacBook Pro 16"" Display with Touch Bar - Intel Core i9 - 32GB Memory - 4TB SSD - Silver",4399.0,16.0,i9
"Dell - Latitude 14"" Refurbished Laptop - Intel Core i7 - 8GB Memory - 256GB Solid State Drive - Black",519.99,14.0,i7
"Apple - MacBook Pro 16"" Laptop - Intel Core i9 - 64GB Memory - 1TB SSD - Space Gray",3799.0,16.0,i9
"Acer - Geek Squad Certified Refurbished Nitro 5 15.6"" Laptop - Intel Core i5 - 8GB Memory - NVIDIA GeForce GTX 1050 - 256GB SSD - Black",591.99,15.6,i5
"Dell - Inspiron 2-in-1 14"" Touch-Screen Laptop - Intel Core i5 - 8GB Memory - 256GB SSD - Titan Gray",779.99,14.0,i5
"Lenovo - ThinkPad 14"" Refurbished Laptop - Intel Core i5 - 8GB Memory - 250GB Solid State Drive - Black",419.99,14.0,i5
"Dell - Inspiron 2-in-1 13.3"" Geek Squad Certified Refurbished Touch-Screen Laptop - Intel Core i5 - 8GB Memory - 256GB SSD - Silver",497.99,13.3,i5
"Dell - Latitude 14"" Laptop - Intel Core i5 - 8GB Memory - 500GB Solid State Drive - Pre-Owned - Black",496.99,14.0,i5
"Dell - Latitude 14"" Touch-Screen Refurbished Laptop  - Intel Core i7 - 8GB Memory - 256GB Solid State Drive - Silver",601.99,14.0,i7
"Samsung - Geek Squad Certified Refurbished Series 7 2-in-1 13.3"" Touch-Screen Laptop - Intel Core i5 - 8GB - 512GB SSD - Stealth Silver",769.99,13.3,i5
"Dell - Latitude 14"" Refurbished Laptop - Intel Core i7 - 8GB Memory - 256GB Solid State Drive - Silver",469.99,14.0,i7
"Dell - Latitude 12.5"" Refurbished Laptop - Intel Core i5 - 8GB Memory - 256GB SSD - Black",459.99,12.5,i5
"Apple - MacBook Pro 16"" Display with Touch Bar - Intel Core i9 - 32GB Memory - 2TB SSD - Silver",3799.0,16.0,i9
"MSI - Crosshair 15 15.6"" Gaming Laptop - Intel Core i7 - 16 GB Memory - NVIDIA GeForce RTX 3060 - 512 GB SSD - Titanium Gray",1549.99,15.6,i7
"Apple - MacBook Pro 16"" Display with Touch Bar - Intel Core i9 - 16GB Memory - 4TB SSD - Space Gray",4099.0,16.0,i9
"Apple - MacBook Pro 16"" Display with Touch Bar - Intel Core i7 - 64GB Memory - 4TB SSD - Silver",4599.0,16.0,i7
"Apple - MacBook Pro 16"" Display with Touch Bar - Intel Core i9 - 16GB Memory - 4TB SSD - Space Gray",3999.0,16.0,i9
"Apple - MacBook Pro 16"" Laptop - Intel Core i7 - 32GB Memory - 8TB SSD - Space Gray",5299.0,16.0,i7
"Apple - MacBook Pro 16"" Display with Touch Bar - Intel Core i7 - 16GB Memory - 4TB SSD - Space Gray",3699.0,16.0,i7
"Apple - MacBook Pro 16"" Display with Touch Bar - Intel Core i9 - 16GB Memory - 4TB SSD - Space Gray",3899.0,16.0,i9
"ADATA - XPG Xenia Xe, 15.6-inch Full HD Laptop, Intel® Core TM i5-1135G7 1TB SSD, 8GB memory, NVMe - Silver",1399.99,15.6,i5
"Apple - MacBook Pro 16"" Display with Touch Bar - Intel Core i9 - 32GB Memory - 8TB SSD - Space Gray",5699.0,16.0,i9
"Apple - MacBook Pro 16"" Display with Touch Bar - Intel Core i9 - 16GB Memory - 4TB SSD - Silver",3799.0,16.0,i9
"Apple - MacBook Pro 16"" Display with Touch Bar - Intel Core i9 - 32GB Memory - 8TB SSD - Silver",5699.0,16.0,i9
"Apple - MacBook Pro 16"" Display with Touch Bar - Intel Core i9 - 16GB Memory - 8TB SSD - Space Gray",5099.0,16.0,i9
"Apple - MacBook Pro 16"" Display with Touch Bar - Intel Core i9 - 16GB Memory - 8TB SSD - Space Gray",4999.0,16.0,i9
"Apple - MacBook Pro 16"" Laptop - Intel Core i9 - 16GB Memory - 8TB SSD - Space Gray",5199.0,16.0,i9
"Apple - MacBook Pro 16"" Display with Touch Bar - Intel Core i7 - 64GB Memory - 2TB SSD - Space Gray",3799.0,16.0,i7
"Apple - MacBook Pro 16"" Display with Touch Bar - Intel Core i9 - 32GB Memory - 4TB SSD - Space Gray",4399.0,16.0,i9
"Apple - MacBook Pro 16"" Display with Touch Bar - Intel Core i9 - 32GB Memory - 4TB SSD - Space Gray",4299.0,16.0,i9
"Apple - MacBook Pro 16"" Laptop - Intel Core i7 - 64GB Memory - 8TB SSD - Space Gray",5699.0,16.0,i7
"Apple - MacBook Pro 16"" Display with Touch Bar - Intel Core i7 - 64GB Memory - 4TB SSD - Space Gray",4599.0,16.0,i7
"Apple - MacBook Pro 16"" Display with Touch Bar - Intel Core i7 - 64GB Memory - 1TB SSD - Space Gray",3499.0,16.0,i7
"Apple - MacBook Pro 13.3"" Laptop - Intel Core i7 - 8GB Memory - 1TB Solid State Drive - Silver",2699.99,13.3,i7
"Apple - MacBook Pro 16"" Display with Touch Bar - Intel Core i9 - 32GB Memory - 512GB SSD - Silver",3099.0,16.0,i9
"Apple - MacBook Pro 16"" Laptop - Intel Core i7 - 64GB Memory - 1TB SSD - Silver",3599.0,16.0,i7
"Apple - MacBook Pro 16"" Display with Touch Bar - Intel Core i7 - 16GB Memory - 2TB SSD - Space Gray",3199.0,16.0,i7
"Apple - MacBook Pro 16"" Display with Touch Bar - Intel Core i7 - 16GB Memory - 8TB SSD - Space Gray",4999.0,16.0,i7
"Apple - MacBook Pro 16"" Display with Touch Bar - Intel Core i9 - 16GB Memory - 8TB SSD - Space Gray",5299.0,16.0,i9
"Apple - MacBook Pro 16"" Laptop - Intel Core i9 - 16GB Memory - 2TB SSD - Silver",3299.0,16.0,i9
"Apple - MacBook Pro 16"" Display with Touch Bar - Intel Core i7 - 16GB Memory - 512GB SSD - Silver",2599.0,16.0,i7
"Apple - MacBook Pro 16"" Display with Touch Bar - Intel Core i7 - 64GB Memory - 8TB SSD - Silver",5599.0,16.0,i7
"Apple - MacBook Pro 16"" Laptop - Intel Core i7 - 32GB Memory - 8TB SSD - Silver",5199.0,16.0,i7
"Apple - MacBook Pro 16"" Display with Touch Bar - Intel Core i7 - 16GB Memory - 4TB SSD - Space Gray",3799.0,16.0,i7
"Apple - MacBook Pro 16"" Display with Touch Bar - Intel Core i9 - 32GB Memory - 8TB SSD - Space Gray",5599.0,16.0,i9
"Apple - MacBook Pro 16"" Display with Touch Bar - Intel Core i9 - 16GB Memory - 4TB SSD - Silver",3999.0,16.0,i9
"MSI - Prestige 14 EVO 14"" FHD Laptop - i7-1185G7 - 16GB Memory - IrisXe - 512GB SSD - Win10Home",1113.57,14.0,i7
"Apple - MacBook Pro 16"" Display with Touch Bar - Intel Core i7 - 16GB Memory - 4TB SSD - Silver",3699.0,16.0,i7
"Apple - MacBook Pro 16"" Display with Touch Bar - Intel Core i9 - 16GB Memory - 8TB SSD - Silver",5099.0,16.0,i9
"Apple - MacBook Pro 16"" Display with Touch Bar - Intel Core i9 - 32GB Memory - 4TB SSD - Silver",4199.0,16.0,i9
"Apple - MacBook Pro 16"" Display with Touch Bar - Intel Core i7 - 32GB Memory - 8TB SSD - Space Gray",5399.0,16.0,i7
"Apple - MacBook Pro 16"" Display with Touch Bar - Intel Core i9 - 32GB Memory - 8TB SSD - Silver",5599.0,16.0,i9
"Apple - MacBook Pro 16"" Display with Touch Bar - Intel Core i7 - 16GB Memory - 512GB SSD - Silver",2499.0,16.0,i7
"Apple - MacBook Pro 16"" Display with Touch Bar - Intel Core i9 - 32GB Memory - 8TB SSD - Silver",5499.0,16.0,i9
"Apple - MacBook Pro 16"" Display with Touch Bar - Intel Core i9 - 64GB Memory - 512GB SSD - Space Gray",3599.0,16.0,i9
"Apple - MacBook Pro 16"" Display with Touch Bar - Intel Core i7 - 32GB Memory - 4TB SSD - Space Gray",4199.0,16.0,i7
"Apple - MacBook Pro 16"" Display with Touch Bar - Intel Core i9 - 16GB Memory - 1TB SSD - Silver",2999.0,16.0,i9
"Apple - MacBook Pro 16"" Laptop - Intel Core i7 - 64GB Memory - 4TB SSD - Space Gray",4399.0,16.0,i7
"Apple - MacBook Pro 16"" Display with Touch Bar - Intel Core i7 - 64GB Memory - 2TB SSD - Silver",3799.0,16.0,i7
"Apple - MacBook Pro 16"" Display with Touch Bar - Intel Core i7 - 32GB Memory - 4TB SSD - Space Gray",3999.0,16.0,i7
"Apple - MacBook Pro 16"" Display with Touch Bar - Intel Core i7 - 64GB Memory - 2TB SSD - Silver",3999.0,16.0,i7
"Apple - MacBook Pro 16"" Display with Touch Bar - Intel Core i7 - 16GB Memory - 4TB SSD - Silver",3599.0,16.0,i7
"Apple - MacBook Pro 16"" Display with Touch Bar - Intel Core i7 - 32GB Memory - 8TB SSD - Silver",5399.0,16.0,i7
"Apple - MacBook Pro 16"" Display with Touch Bar - Intel Core i7 - 64GB Memory - 2TB SSD - Silver",3899.0,16.0,i7
"Apple - MacBook Pro 16"" Display with Touch Bar - Intel Core i7 - 64GB Memory - 1TB SSD - Silver",3399.0,16.0,i7
"Apple - MacBook Pro 16"" Laptop - Intel Core i7 - 32GB Memory - 4TB SSD - Silver",4099.0,16.0,i7
"Apple - MacBook Pro 16"" Display with Touch Bar - Intel Core i7 - 64GB Memory - 8TB SSD - Space Gray",5799.0,16.0,i7
"Apple - MacBook Pro 16"" Display with Touch Bar - Intel Core i9 - 64GB Memory - 512GB SSD - Silver",3599.0,16.0,i9
"Apple - MacBook Pro 16"" Laptop - Intel Core i7 - 32GB Memory - 2TB SSD - Space Gray",3499.0,16.0,i7
"Apple - MacBook Pro 16"" Display with Touch Bar - Intel Core i9 - 16GB Memory - 512GB SSD - Space Gray",2799.0,16.0,i9
"Dell - Refurbished Latitude E5570 15.6"" Laptop - Intel Core i5 - 16GB Memory - 256GB Solid State Drive",589.99,15.6,i5
"Apple - Pre-Owned - MacBook Air 13.3"" Laptop with Touch ID - Intel Core i3 - 8GB Memory - 256GB Solid State Drive - Space Gray",799.99,13.3,i3
"HP - 840 G4 14"" Refurbished Laptop - Intel Core i5 - 16GB Memory - 512GB SSD",653.99,14.0,i5
"Samsung XE500C13-K04US 11.6"" Pre-Owned Chromebook - Intel Celeron N3060 - 4GB Memory - 16GB eMMC - Chrome OS",161.99,11.6,Intel Celeron
"Acer Chromebook 311 11.6"" Refurbished Chromebook - Intel Celeron - 4GB Memory - 32GB eMMC - Chrome OS",198.99,11.6,Intel Celeron
"ASUS - ROG Zephyrus S15 15.6"" Laptop - Intel Core i7 - 16GB Memory - NVIDIA GeForce RTX 2070 SUPER - 1TB SSD - Metallic Black",2399.99,15.6,i7
"Dell - Latitude 5000 15.6"" Laptop - Intel Core i5 - 8 GB Memory - 256 GB SSD - Gray",1549.99,15.6,i5
"Apple - Pre-Owned - MacBook Pro with Touch Bar - 13"" Display - Intel Core i5 - 8 GB Memory - 256GB Flash Storage - Silver",769.99,13.0,i5
"MSI - Prestige 14 EVO 14"" FHD Laptop - i7-1185G7 - 16GB Memory - IrisXe - 512GB SSD - Win10Home",1149.99,14.0,i7
"Apple - MacBook Pro 13.3"" Refurbished Laptop - Intel Core i5 (I5-8279U) Processor - 8GB Memory - 512GB SSD (2019 Model) - Space Gray",1459.99,13.3,i5
"Samsung - Geek Squad Certified Refurbished Galaxy Book Flex Alpha 13.3"" QLED Laptop - Intel Core i7 - 12GB Memory - 512GB SSD - Royal Silver",719.99,13.3,i7
"Acer - Spin 3 14"" Refurbished Laptop - Intel Core i5 - 8GB Memory - 512GB SSD",595.99,14.0,i5
"ASUS - Geek Squad Certified Refurbished ROG 15.6"" Laptop - Intel Core i7 - 16GB Memory - NVIDIA GeForce RTX 2060 - 1TB SSD - Brushed Black",1259.99,15.6,i7
"Apple - MacBook Pro 15.4"" Laptop - Intel Core i9 - 32GB Memory - 1TB Solid State Drive - Silver",3799.99,15.4,i9
"Dell - Latitude 12.5"" Refurbished Laptop - Intel Core i5 - 16GB Memory - 512GB SSD - Black",549.99,12.5,i5
"HP - Geek Squad Certified Refurbished Pavilion 2-in-1 14"" Touch-Screen Laptop - Intel Core i3 - 8GB Memory - 500GB Hard Drive - Silver",404.99,14.0,i3
"Razer - Geek Squad Certified Refurbished Blade Stealth 13.3"" Gaming Laptop - Intel Core i7 - 16GB - GeForce GTX 1650 - 512GB SSD - Black CNC Aluminum",1457.99,13.3,i7
LG - gram 2-in-1 16” WQXGA Laptop – Intel Evo Platform Core i7 – 16GB RAM – 2TB NVMe Solid State Drive - Silver,1999.99,16.0,i7
LG - gram 2-in-1 16” WQXGA Laptop – Intel Evo Platform Core i7 – 16GB RAM – 2TB NVMe Solid State Drive - Black,1999.99,16.0,i7
LG - gram 2-in-1 14” WUXGA Laptop – Intel Evo Platform Core i7 – 16GB RAM – 1TB NVMe Solid State Drive - Black,1699.99,14.0,i7
"MSI - Geek Squad Certified Refurbished 17.3"" Gaming Laptop - i7 - 16GB Memory - NVIDIA  RTX 2070 Max-Q - 1TB SSD - Matte Black With Gold Diamond Cut",1655.99,17.3,i7
"Acer - TravelMate P4 P414-51 14"" Laptop - Intel Core i5 - 8 GB Memory - 256 GB SSD - Slate Blue",899.99,14.0,i5
"New!Razer - Blade 17 - 17.3"" Gaming Laptop - FHD 360Hz - Intel Core i7-11800H - NVIDIA GeForce RTX 3060 - 16GB RAM - 1TB NVMe SSD",2799.99,17.3,i7
"Samsung - Geek Squad Certified Refurbished 15.6"" Chromebook - Intel Celeron - 4GB Memory - 32GB eMMC Flash Memory - Platinum Titan",206.99,15.6,Intel Celeron
"New!Lenovo - Geek Squad Certified Refurbished Yoga 7i 2-in-1 14"" Laptop - Intel Evo Platform Core i5 - 12GB Memory - 512GB SSD - Dark Moss",674.99,14.0,i5
"Lenovo - 14"" ThinkPad T14s Gen 1 Laptop - 8GB Memory - Intel Core i5 - 256GB Hard Drive",1519.99,14.0,i5
"New!Lenovo - Geek Squad Certified Refurbished C340-15 2-in-1 15.6"" Touch-Screen Chromebook - Intel Core i3 - 4GB Memory - 64GB eMMC - Mineral Gray",269.99,15.6,i3
"HP - Geek Squad Certified Refurbished Spectre x360 2-in-1 13.3"" Touch-Screen Laptop - Intel Core i7 - 8GB Memory - 256GB SSD - Ash Silver",956.99,13.3,i7
"New!MSI - Geek Squad Certified Refurbished 15.6"" Laptop - Intel Core i7 - 32GB Memory - NVIDIA GeForce RTX 2070 SUPER - 1TB SSD - Aluminum Black",1781.99,15.6,i7
"Samsung - Geek Squad Certified Refurbished Plus 2-in-1 12.2"" Touch-Screen Chromebook - Intel Celeron - 4GB Memory - 32GB eMMC - Stealth Silver",364.99,12.2,Intel Celeron
"Lenovo - Geek Squad Certified Refurbished C340 2-in-1 11.6"" Touch-Screen Chromebook - Intel Celeron - 4GB Memory - 32GB eMMC - Platinum Gray",242.99,11.6,Intel Celeron
"Apple - Geek Squad Certified Refurbished MacBook Pro® - 13"" Display - Intel Core i5 - 8 GB Memory - 256GB Flash Storage - Space Gray",1214.99,13.0,i5
"Alienware - Geek Squad Certified Refurbished M17 17.3"" Laptop - Intel Core i7 - 16GB - NVIDIA GeForce RTX 2070 Max-Q - 512GB SSD - Lunar Light",1781.99,17.3,i7
"New!Lenovo - Geek Squad Certified Refurbished Yoga 9i 14 2-in-1 14"" Laptop - Intel Evo Platform Core i7 - 16GB Memory - 512GB SSD - Mica",1124.99,14.0,i7
"Microsoft - Geek Squad Certified Refurbished Surface Laptop 3 13.5"" Touch-Screen - Intel Core i7 - 16GB Memory - 256GB SSD - Matte Black",1439.99,13.5,i7
"Microsoft - Geek Squad Certified Refurbished Surface Laptop 3 15"" Touch-Screen - AMD Ryzen 7 - 32GB Memory - 1TB SSD - Matte Black",2519.99,15.0,AMD Ryzen 7
"New!HP - Geek Squad Certified Refurbished ENVY 2-in-1 13.3"" Touch-Screen Laptop - Intel Core i5 - 8GB Memory - 256GB SSD - Pale Gold",773.99,13.3,i5
"Google - Geek Squad Certified Refurbished Pixelbook Go 13.3"" 4K UHD Touch-Screen Chromebook - Intel Core i7 - 16GB - 256GB SSD - Just Black",1259.99,13.3,i7
"New!HP - Geek Squad Certified Refurbished Pavilion 14"" Laptop - AMD Ryzen 7 - 16GB Memory - NVIDIA GeForce MX450 - 512GB SSD - Natural Silver",890.99,14.0,AMD Ryzen 7
"New!Samsung - Geek Squad Certified Refurbished Galaxy Chromebook 2 - 13.3"" QLED Touch-Screen - Intel Core i3 - 8GB Memory - 128GB eMMC - Fiesta Red",629.99,13.3,i3
"New!Apple MacBook Pro 15.4"" Display  Intel Core i7, 4GB RAM - 500GB HDD (MD103LL/A) Mid-2012 (Certified Refurbished) - Silver",549.99,15.4,i7
"Razer - Blade Pro 17.3"" Gaming Laptop - Intel Core i7 - 16GB Memory - NVIDIA GeForce RTX 2080 Max-Q - 512GB Solid State Drive - Matte Black",2879.99,17.3,i7
"Dell - XPS 13.4"" FHD+ Touch-Screen Laptop - Intel Evo Platform-Intel Core i7 - 16GB Memory - 512GB Solid State Drive - Platinum Silver",1468.99,13.4,i7
"Dell - Inspiron 14.0"" FHD 2in1 Laptop - i5-1135G7 - 8GB - Intel Iris Xe Graphics - 256 GB SSD - Titan Grey",743.99,14.0,i5
